unix_timestamp,esc_data
1788787828.7155,-2,-4,-2,2,20580,10303,11362,12699,125604,125605,125607,125608,0,0,0,0
1788787828.7324526,1,-5,6,-5,20577,10304,11365,12697,125634,125635,125637,125638,0,0,0,0
1788787828.7946048,-1,2,-2,-4,20575,10306,11366,12696,125664,125665,125667,125668,0,0,0,0
1788787828.9088256,-3,3,-2,2,20578,10303,11363,12700,125724,125725,125727,125728,0,0,0,0
1788787828.9760973,-1,-3,-2,-5,20582,10302,11361,12700,125754,125755,125757,125758,0,0,0,0
1788787828.9919872,-1,-1,7,1,20579,10302,11363,12699,125784,125785,125787,125788,0,0,0,0
1788787829.1143315,-3,-4,2,2,20573,10308,11369,12694,125844,125845,125847,125848,0,0,0,0
1788787829.1839733,0,-4,-1,1,20573,10309,11369,12694,125874,125875,125877,125878,0,0,0,0
1788787829.326582,0,2,-2,2,20574,10308,11367,12696,125904,125905,125907,125908,0,0,0,0
1788787829.326582,-2,-2,2,-2,20578,10304,11364,12698,125964,125965,125967,125968,0,0,0,0
1788787829.4576771,3,2,2,1,20577,10306,11366,12698,125994,125995,125997,125998,0,0,0,0
1788787829.4576771,-1,0,0,3,20576,10306,11366,12696,126054,126055,126057,126058,0,0,0,0
1788787829.5486195,5,3,0,6,20576,10305,11366,12697,126084,126085,126087,126088,0,0,0,0
1788787829.5486195,-3,2,-2,-2,20577,10306,11365,12698,126114,126115,126117,126118,0,0,0,0
1788787829.662632,-1,5,1,-1,20575,10306,11366,12696,126174,126175,126177,126178,0,0,0,0
1788787829.738682,3,-2,-2,-2,20573,10309,11369,12695,126204,126205,126207,126208,0,0,0,0
1788787829.7547824,-1,0,1,-4,20572,10308,11369,12694,126234,126235,126237,126238,0,0,0,0
1788787829.8024175,-3,-2,4,5,20573,10307,11367,12695,126264,126265,126267,126268,0,0,0,0
1788787829.9333248,2,2,0,2,20572,10308,11368,12694,126324,126325,126327,126328,0,0,0,0
1788787830.0460768,-2,-2,2,-2,20572,10310,11370,12693,126354,126355,126357,126358,0,0,0,0
1788787830.0460768,1,8,-2,-4,20574,10307,11368,12695,126414,126415,126417,126418,0,0,0,0
1788787830.1033137,0,4,0,-4,20576,10307,11368,12695,126444,126445,126447,126448,0,0,0,0
1788787830.1502566,1,0,1,0,20576,10307,11367,12695,126474,126475,126477,126478,0,0,0,0
1788787830.2614236,-3,-2,-2,1,20575,10307,11368,12695,126564,126565,126567,126568,0,0,0,0
1788787830.3579373,0,3,1,2,20577,10306,11366,12697,126594,126595,126597,126598,0,0,0,0
1788787830.421128,-1,3,-4,-3,20573,10308,11370,12694,126654,126655,126657,126658,0,0,0,0
1788787830.5634573,1,1,3,2,20571,10310,11371,12693,126714,126715,126717,126718,0,0,0,0
1788787830.571627,4,3,-2,-1,20574,10306,11367,12696,126744,126745,126747,126748,0,0,0,0
1788787830.6285906,6,-3,-6,1,20578,10302,11362,12701,126774,126775,126777,126778,0,0,0,0
1788787830.6605408,9,-13,-10,5,20674,10200,11264,12794,126804,126805,126807,126808,0,0,0,0
1788787830.7302353,17,-22,-19,22,20959,9860,10891,13217,126834,126835,126837,126838,0,0,0,0
1788787830.7786906,30,-26,-24,25,21555,9156,10264,13913,126864,126865,126867,126868,0,0,0,0
1788787830.842269,34,-42,-37,33,22548,8234,9309,14858,126894,126895,126897,126898,0,0,0,0
1788787830.9066775,34,-41,-28,46,23497,7243,8236,15922,126924,126925,126927,126928,0,0,0,0
1788787830.9326503,25,-30,-30,31,24444,6346,7371,16767,126954,126955,126957,126958,0,0,0,0
1788787831.007675,26,-18,-23,22,25207,5635,6655,17441,126984,126985,126987,126988,0,0,0,0
1788787831.122129,18,-17,-13,10,26146,4633,5731,18431,127044,127045,127047,127048,0,0,0,0
1788787831.1698108,14,-15,-10,4,26517,4310,5383,18737,127074,127075,127077,127078,0,0,0,0
1788787831.1857362,20,-24,-17,22,26930,3848,4923,19220,127104,127105,127107,127108,0,0,0,0
1788787831.252499,23,-26,-30,24,27583,3256,4334,19849,127134,127135,127137,127138,0,0,0,0
1788787831.3094172,28,-31,-28,26,28250,2533,3542,20651,127164,127165,127167,127168,0,0,0,0
1788787831.3623092,31,-34,-31,32,29063,1734,2786,21400,127194,127195,127197,127198,0,0,0,0
1788787831.4261053,34,-25,-25,28,29881,924,1995,22160,127224,127225,127227,127228,0,0,0,0
1788787831.4420178,22,-29,-19,21,30570,200,1189,22974,127254,127255,127257,127258,0,0,0,0
1788787831.5107088,25,-31,-17,13,31202,32467,636,23521,127284,127285,127287,127288,0,0,0,0
1788787831.5720725,22,-23,-16,21,31709,31796,105,24065,127314,127315,127317,127318,0,0,0,0
1788787831.613053,22,-19,-22,19,32318,31266,32374,24533,127344,127345,127347,127348,0,0,0,0
1788787831.6586037,17,-20,-22,19,33,30773,31809,25052,127374,127375,127377,127378,0,0,0,0
1788787831.7144263,20,-28,-20,16,571,30260,31272,25611,127404,127405,127407,127408,0,0,0,0
1788787831.7612534,24,-30,-29,26,1179,29631,30692,26247,127434,127435,127437,127438,0,0,0,0
1788787831.8246455,25,-27,-30,28,1928,28850,29965,26912,127464,127465,127467,127468,0,0,0,0
1788787831.887924,30,-24,-20,21,2641,28081,29125,27759,127494,127495,127497,127498,0,0,0,0
1788787831.938828,25,-23,-23,26,3332,27496,28491,28419,127524,127525,127527,127528,0,0,0,0
1788787831.9550085,23,-24,-16,16,4037,26799,27884,29034,127554,127555,127557,127558,0,0,0,0
1788787832.01177,21,-20,-24,27,4649,26250,27198,29616,127584,127585,127587,127588,0,0,0,0
1788787832.063406,17,-22,-10,19,5196,25705,26634,30236,127614,127615,127617,127618,0,0,0,0
1788787832.1330726,23,-20,-18,16,6161,24641,25725,31297,127674,127675,127677,127678,0,0,0,0
1788787832.174444,22,-24,-30,29,6801,24064,25184,31849,127704,127705,127707,127708,0,0,0,0
1788787832.1974711,29,-18,-19,19,7455,23343,24415,32620,127734,127735,127737,127738,0,0,0,0
1788787832.2851076,27,-33,-32,27,8197,22566,23645,687,127764,127765,127767,127768,0,0,0,0
1788787832.3174295,23,-26,-25,25,9017,21824,22912,1359,127794,127795,127797,127798,0,0,0,0
1788787832.397623,17,-22,-18,24,9676,21115,22169,2091,127824,127825,127827,127828,0,0,0,0
1788787832.4862008,20,-31,-23,27,10326,20449,21553,2711,127854,127855,127857,127858,0,0,0,0
1788787832.4940772,20,-21,-23,15,10897,19816,20990,3286,127884,127885,127887,127888,0,0,0,0
1788787832.5419128,19,-16,-17,19,11421,19372,20490,3754,127914,127915,127917,127918,0,0,0,0
1788787832.606868,21,-18,-27,18,11886,18851,19960,4322,127944,127945,127947,127948,0,0,0,0
1788787832.6627154,21,-23,-21,21,12502,18305,19424,4840,127974,127975,127977,127978,0,0,0,0
1788787832.7342954,22,-25,-31,37,13835,16961,18076,6214,128034,128035,128037,128038,0,0,0,0
1788787832.7848394,31,-17,-24,18,14518,16271,17349,6960,128064,128065,128067,128068,0,0,0,0
1788787832.8490293,20,-26,-34,23,15224,15495,16600,7653,128094,128095,128097,128098,0,0,0,0
1788787832.912906,22,-19,-19,18,15850,14849,15968,8278,128124,128125,128127,128128,0,0,0,0
1788787832.9290378,14,-24,-19,22,16399,14235,15353,8917,128154,128155,128157,128158,0,0,0,0
1788787833.0285296,23,-27,-26,20,17059,13698,14860,9440,128184,128185,128187,128188,0,0,0,0
1788787833.0285296,17,-26,-23,24,17636,13073,14276,10025,128214,128215,128217,128218,0,0,0,0
1788787833.1439962,22,-19,-24,22,18227,12500,13672,10550,128244,128245,128247,128248,0,0,0,0
1788787833.2178988,21,-20,-19,24,18770,11891,13042,11250,128274,128275,128277,128278,0,0,0,0
1788787833.2622104,28,-30,-22,23,20114,10548,11716,12574,128334,128335,128337,128338,0,0,0,0
1788787833.338744,24,-27,-30,29,20814,9889,11005,13211,128364,128365,128367,128368,0,0,0,0
1788787833.351804,18,-29,-21,22,21412,9199,10363,13854,128394,128395,128397,128398,0,0,0,0
1788787833.4215589,25,-17,-46,21,22091,8572,9737,14496,128424,128425,128427,128428,0,0,0,0
1788787833.4693446,28,-19,-27,17,22726,7956,9097,15107,128454,128455,128457,128458,0,0,0,0
1788787833.545813,16,-22,-21,23,23292,7357,8470,15725,128484,128485,128487,128488,0,0,0,0
1788787833.5619853,23,-23,-22,17,23835,6785,7933,16298,128514,128515,128517,128518,0,0,0,0
1788787833.6536593,26,-32,-23,29,25734,4853,6049,18202,128604,128605,128607,128608,0,0,0,0
1788787833.7451801,23,-19,-18,23,26377,4241,5433,18811,128634,128635,128637,128638,0,0,0,0
1788787833.7609262,20,-21,-25,23,26961,3617,4820,19450,128664,128665,128667,128668,0,0,0,0
1788787833.825206,20,-22,-26,25,27662,2976,4179,20068,128694,128695,128697,128698,0,0,0,0
1788787833.8772726,28,-23,-21,18,28281,2355,3427,20799,128724,128725,128727,128728,0,0,0,0
1788787833.9534879,21,-24,-28,33,28962,1675,2788,21423,128754,128755,128757,128758,0,0,0,0
1788787833.969656,24,-20,-28,22,29619,984,2122,22074,128784,128785,128787,128788,0,0,0,0
1788787834.0012162,22,-26,-26,22,30291,321,1425,22786,128814,128815,128817,128818,0,0,0,0
1788787834.1195776,22,-18,-17,20,30856,32578,856,23352,128844,128845,128847,128848,0,0,0,0
1788787834.1195776,17,-34,-22,25,31455,31873,275,23950,128874,128875,128877,128878,0,0,0,0
1788787834.181164,20,-26,-16,17,32152,31261,32429,24528,128904,128905,128907,128908,0,0,0,0
1788787834.2299774,15,-27,-26,24,32751,30658,31744,25171,128934,128935,128937,128938,0,0,0,0
1788787834.2527225,25,-21,-23,23,576,30086,31200,25785,128964,128965,128967,128968,0,0,0,0
1788787834.3329825,20,-29,-18,17,1187,29401,30613,26415,128994,128995,128997,128998,0,0,0,0
1788787834.4253516,26,-21,-27,30,1885,28725,29948,27028,129024,129025,129027,129028,0,0,0,0
1788787834.4336355,20,-27,-17,22,2492,28066,29178,27781,129054,129055,129057,129058,0,0,0,0
1788787834.467225,20,-28,-28,24,3148,27540,28635,28371,129084,129085,129087,129088,0,0,0,0
1788787834.5308087,29,-18,-26,19,3734,26857,28067,28987,129114,129115,129117,129118,0,0,0,0
1788787834.6098115,21,-21,-22,26,4387,26279,27435,29578,129144,129145,129147,129148,0,0,0,0
1788787834.641836,27,-15,-21,13,4963,25692,26774,30226,129174,129175,129177,129178,0,0,0,0
1788787834.718546,21,-28,-24,23,5568,25070,26190,30847,129204,129205,129207,129208,0,0,0,0
1788787834.7490923,32,-20,-24,16,6127,24434,25578,31430,129234,129235,129237,129238,0,0,0,0
1788787834.8257546,25,-28,-32,25,6830,23776,24914,32105,129264,129265,129267,129268,0,0,0,0
1788787834.8611088,32,-25,-16,29,7456,23156,24258,32743,129294,129295,129297,129298,0,0,0,0
1788787834.9062877,20,-29,-19,27,8097,22451,23620,716,129324,129325,129327,129328,0,0,0,0
1788787834.9540772,27,-24,-23,18,8771,21887,23045,1271,129354,129355,129357,129358,0,0,0,0
1788787835.0346465,16,-24,-26,25,9381,21285,22364,1904,129384,129385,129387,129388,0,0,0,0
1788787835.0666528,21,-30,-24,23,9990,20642,21780,2527,129414,129415,129417,129418,0,0,0,0
1788787835.138665,24,-28,-25,19,10603,19918,21139,3196,129444,129445,129447,129448,0,0,0,0
1788787835.2015512,22,-21,-16,18,11837,18772,19915,4424,129504,129505,129507,129508,0,0,0,0
1788787835.2674456,22,-26,-25,22,12500,18172,19323,5004,129534,129535,129537,129538,0,0,0,0
1788787835.2908561,28,-28,-27,20,13121,17468,18666,5592,129564,129565,129567,129568,0,0,0,0
1788787835.3429718,26,-22,-26,16,14376,16289,17406,6945,129624,129625,129627,129628,0,0,0,0
1788787835.4061441,21,-28,-30,22,15034,15601,16774,7591,129654,129655,129657,129658,0,0,0,0
1788787835.4537838,27,-17,-27,23,15630,14973,16136,8185,129684,129685,129687,129688,0,0,0,0
1788787835.5165079,18,-27,-22,25,16224,14329,15475,8822,129714,129715,129717,129718,0,0,0,0
1788787835.5687075,21,-22,-20,24,16854,13729,14891,9409,129744,129745,129747,129748,0,0,0,0
1788787835.6275532,22,-26,-27,24,17534,13033,14233,10065,129774,129775,129777,129778,0,0,0,0
1788787835.642564,20,-16,-20,22,18166,12437,13596,10672,129804,129805,129807,129808,0,0,0,0
1788787835.7541335,23,-25,-17,23,18733,11767,12948,11361,129834,129835,129837,129838,0,0,0,0
1788787835.7972,21,-23,-25,19,19386,11151,12389,11980,129864,129865,129867,129868,0,0,0,0
1788787835.8112397,27,-21,-23,14,19994,10503,11679,12596,129894,129895,129897,129898,0,0,0,0
1788787835.8749774,29,-27,-31,28,20684,9901,11026,13194,129924,129925,129927,129928,0,0,0,0
1788787835.9392178,19,-20,-19,19,21238,9272,10414,13816,129954,129955,129957,129958,0,0,0,0
1788787835.9893014,25,-28,-26,23,21883,8644,9845,14463,129984,129985,129987,129988,0,0,0,0
1788787836.0510862,26,-21,-26,17,22535,8005,9191,15076,130014,130015,130017,130018,0,0,0,0
1788787836.0831223,22,-26,-22,28,23174,7342,8498,15732,130044,130045,130047,130048,0,0,0,0
1788787836.09916,19,-21,-25,21,23750,6736,7919,16342,130074,130075,130077,130078,0,0,0,0
1788787836.163828,20,-24,-28,20,24382,6112,7316,16944,130104,130105,130107,130108,0,0,0,0
1788787836.2338293,22,-20,-22,19,25002,5510,6707,17516,130134,130135,130137,130138,0,0,0,0
1788787836.2923958,19,-22,-26,24,25666,4794,6049,18280,130164,130165,130167,130168,0,0,0,0
1788787836.3411515,27,-23,-22,22,26290,4209,5409,18862,130194,130195,130197,130198,0,0,0,0
1788787836.390878,22,-22,-23,23,26925,3533,4746,19547,130224,130225,130227,130228,0,0,0,0
1788787836.4661922,22,-19,-25,26,27628,2943,4113,20192,130254,130255,130257,130258,0,0,0,0
1788787836.5670578,24,-50,-20,25,28798,1765,2907,21411,130314,130315,130317,130318,0,0,0,0
1788787836.5688837,23,-21,-19,20,29371,1117,2298,22020,130344,130345,130347,130348,0,0,0,0
1788787836.652277,25,-27,-30,31,30064,507,1618,22678,130374,130375,130377,130378,0,0,0,0
1788787836.6804318,22,-12,-20,17,30640,32676,982,23299,130404,130405,130407,130408,0,0,0,0
1788787836.756724,24,-34,-26,22,31294,32003,387,23932,130434,130435,130437,130438,0,0,0,0
1788787836.823137,24,-34,-27,20,31977,31289,32521,24546,130464,130465,130467,130468,0,0,0,0
1788787836.8678675,18,-26,-22,27,32648,30661,31806,25260,130494,130495,130497,130498,0,0,0,0
1788787836.8862898,20,-25,-20,25,458,30092,31222,25843,130524,130525,130527,130528,0,0,0,0
1788787836.947316,19,-31,-20,20,1069,29429,30656,26457,130554,130555,130557,130558,0,0,0,0
1788787837.0132067,28,-27,-23,25,1712,28770,30033,27039,130584,130585,130587,130588,0,0,0,0
1788787837.0707016,21,-18,-28,20,2314,28132,29304,27761,130614,130615,130617,130618,0,0,0,0
1788787837.1341026,24,-25,-18,25,2959,27600,28770,28329,130644,130645,130647,130648,0,0,0,0
1788787837.136673,26,-21,-23,21,3505,26942,28163,28972,130674,130675,130677,130678,0,0,0,0
1788787837.1822116,21,-20,-24,27,4230,26341,27525,29564,130704,130705,130707,130708,0,0,0,0
1788787837.2590518,25,-22,-24,27,4839,25746,26838,30238,130734,130735,130737,130738,0,0,0,0
1788787837.3223195,20,-24,-26,24,5450,25097,26251,30861,130764,130765,130767,130768,0,0,0,0
1788787837.3841817,22,-23,-23,19,5976,24456,25655,31435,130794,130795,130797,130798,0,0,0,0
1788787837.4490163,25,-30,-26,15,7271,23250,24376,32732,130854,130855,130857,130858,0,0,0,0
1788787837.5141249,25,-27,-21,26,7906,22587,23759,653,130884,130885,130887,130888,0,0,0,0
1788787837.530217,18,-24,-23,22,8536,21965,23159,1217,130914,130915,130917,130918,0,0,0,0
1788787837.578077,21,-28,-27,22,9229,21370,22507,1862,130944,130945,130947,130948,0,0,0,0
1788787837.6422324,25,-23,-19,27,9779,20725,21875,2475,130974,130975,130977,130978,0,0,0,0
1788787837.6422324,21,-28,-29,27,10436,20017,21238,3158,131004,131005,131007,131008,0,0,0,0
1788787837.7696192,19,-28,-22,19,11084,19461,20651,3756,131034,131035,131037,131038,0,0,0,0
1788787837.7878144,18,-17,-30,23,11660,18829,20005,4396,131064,131065,131067,131068,0,0,0,0
1788787837.843189,23,-17,-22,16,12284,18254,19432,4960,131094,131095,131097,131098,0,0,0,0
1788787837.870287,21,-21,-30,20,12925,17564,18763,5557,131124,131125,131127,131128,0,0,0,0
1788787837.9536161,21,-23,-33,32,13594,16975,18152,6248,131154,131155,131157,131158,0,0,0,0
1788787837.9536161,20,-15,-21,18,14184,16348,17471,6913,131184,131185,131187,131188,0,0,0,0
1788787838.0429668,22,-29,-27,21,14872,15646,16873,7581,131214,131215,131217,131218,0,0,0,0
1788787838.108008,21,-19,-25,18,15442,15004,16222,8171,131244,131245,131247,131248,0,0,0,0
1788787838.112025,19,-27,-25,20,16055,14416,15592,8810,131274,131275,131277,131278,0,0,0,0
1788787838.1624634,21,-26,-20,21,16619,13813,15008,9391,131304,131305,131307,131308,0,0,0,0
1788787838.2323086,26,-30,-30,19,17353,13137,14380,10048,131334,131335,131337,131338,0,0,0,0
1788787838.2837543,23,-22,-24,27,17962,12488,13729,10629,131364,131365,131367,131368,0,0,0,0
1788787838.3464525,20,-26,-25,26,18580,11857,13077,11321,131394,131395,131397,131398,0,0,0,0
1788787838.394474,24,-25,-21,21,19191,11253,12492,11974,131424,131425,131427,131428,0,0,0,0
1788787838.4614058,28,-27,-23,21,19804,10584,11818,12581,131454,131455,131457,131458,0,0,0,0
1788787838.472246,25,-23,-28,21,20474,10003,11183,13163,131484,131485,131487,131488,0,0,0,0
1788787838.5205503,22,-24,-9,16,21051,9338,10547,13768,131514,131515,131517,131518,0,0,0,0
1788787838.6473763,21,-25,-19,25,21629,8751,10008,14355,131544,131545,131547,131548,0,0,0,0
1788787838.7222476,22,-30,-21,25,22949,7478,8698,15629,131604,131605,131607,131608,0,0,0,0
1788787838.7336109,22,-19,-20,22,23471,6849,8081,16256,131634,131635,131637,131638,0,0,0,0
1788787838.7906945,21,-22,-27,29,24135,6202,7494,16865,131664,131665,131667,131668,0,0,0,0
1788787838.8903189,27,-24,-26,22,24743,5603,6854,17464,131694,131695,131697,131698,0,0,0,0
1788787838.9062977,20,-26,-22,25,25440,4925,6190,18190,131724,131725,131727,131728,0,0,0,0
1788787838.9510503,21,-26,-22,20,25994,4331,5582,18752,131754,131755,131757,131758,0,0,0,0
1788787838.999782,18,-22,-25,21,26645,3700,4962,19429,131784,131785,131787,131788,0,0,0,0
1788787839.0812593,27,-18,-26,24,27263,3105,4353,20039,131814,131815,131817,131818,0,0,0,0
1788787839.0812593,17,-20,-31,18,27889,2492,3690,20698,131844,131845,131847,131848,0,0,0,0
1788787839.162584,23,-25,-19,21,28452,1917,3106,21244,131874,131875,131877,131878,0,0,0,0
1788787839.188132,22,-27,-32,20,29073,1265,2490,21872,131904,131905,131907,131908,0,0,0,0
1788787839.250009,24,-24,-27,23,29707,656,1858,22516,131934,131935,131937,131938,0,0,0,0
1788787839.2820206,23,-18,-21,20,30358,14,1174,23185,131964,131965,131967,131968,0,0,0,0
1788787839.377252,26,-21,-26,21,31635,31415,32718,24416,132024,132025,132027,132028,0,0,0,0
1788787839.49356,23,-24,-18,18,187,30222,31402,25690,132084,132085,132087,132088,0,0,0,0
1788787839.5095885,23,-26,-19,23,810,29578,30866,26325,132114,132115,132117,132118,0,0,0,0
1788787839.5713758,23,-26,-19,23,810,29578,30866,26325,132114,132115,132117,132118,0,0,0,0
1788787839.629014,18,-27,-33,26,2055,28248,29543,27606,132174,132175,132177,132178,0,0,0,0
1788787839.677683,18,-27,-33,26,2055,28248,29543,27606,132174,132175,132177,132178,0,0,0,0
1788787839.7285578,22,-14,-23,20,2621,27751,28957,28161,132204,132205,132207,132208,0,0,0,0
1788787839.7463315,20,-23,-7,15,3237,27120,28391,28795,132234,132235,132237,132238,0,0,0,0
1788787839.8078144,19,-27,-28,24,4549,25862,27063,30096,132294,132295,132297,132298,0,0,0,0
1788787839.8715515,24,-28,-22,29,5169,25238,26406,30735,132324,132325,132327,132328,0,0,0,0
1788787839.9280388,21,-24,-28,22,5752,24547,25762,31352,132354,132355,132357,132358,0,0,0,0
1788787839.9713306,23,-23,-26,28,6447,23951,25145,32000,132384,132385,132387,132388,0,0,0,0
1788787840.028536,20,-16,-21,21,7060,23311,24459,32622,132414,132415,132417,132418,0,0,0,0
1788787840.04741,20,-28,-29,18,7680,22667,23867,519,132444,132445,132447,132448,0,0,0,0
1788787840.1091986,24,-14,-19,22,8270,22056,23291,1105,132474,132475,132477,132478,0,0,0,0
1788787840.1728673,23,-26,-30,25,8956,21508,22662,1711,132504,132505,132507,132508,0,0,0,0
1788787840.2342863,17,-23,-22,16,9520,20908,22049,2320,132534,132535,132537,132538,0,0,0,0
1788787840.2756789,24,-25,-24,25,10167,20217,21451,3017,132564,132565,132567,132568,0,0,0,0
1788787840.3485408,27,-18,-24,21,10780,19572,20830,3632,132594,132595,132597,132598,0,0,0,0
1788787840.3724015,18,-21,-19,22,11444,18955,20179,4296,132624,132625,132627,132628,0,0,0,0
1788787840.4049788,25,-23,-26,23,12016,18387,19576,4856,132654,132655,132657,132658,0,0,0,0
1788787840.4661524,24,-22,-22,19,12695,17705,18933,5475,132684,132685,132687,132688,0,0,0,0
1788787840.5493429,27,-21,-26,35,13330,17104,18332,6168,132714,132715,132717,132718,0,0,0,0
1788787840.559968,16,-21,-22,17,13953,16432,17668,6842,132744,132745,132747,132748,0,0,0,0
1788787840.6495872,26,-29,-20,18,14581,15842,17078,7435,132774,132775,132777,132778,0,0,0,0
1788787840.6715589,14,-19,-26,20,15190,15142,16378,8046,132804,132805,132807,132808,0,0,0,0
1788787840.729444,24,-19,-25,25,15802,14584,15784,8646,132834,132835,132837,132838,0,0,0,0
1788787840.7831357,18,-20,-21,19,16363,13954,15167,9269,132864,132865,132867,132868,0,0,0,0
1788787840.853973,35,-36,-28,22,17032,13282,14577,9916,132894,132895,132897,132898,0,0,0,0
1788787840.9019487,23,-18,-19,20,17682,12620,13907,10503,132924,132925,132927,132928,0,0,0,0
1788787840.9661367,21,-29,-24,24,18350,12011,13229,11200,132954,132955,132957,132958,0,0,0,0
1788787840.982327,20,-24,-21,21,18902,11399,12638,11836,132984,132985,132987,132988,0,0,0,0
1788787841.013782,25,-28,-31,20,19567,10725,11992,12470,133014,133015,133017,133018,0,0,0,0
1788787841.1151865,28,-19,-28,24,20202,10109,11336,13036,133044,133045,133047,133048,0,0,0,0
1788787841.1556349,21,-16,-17,22,20861,9447,10670,13700,133074,133075,133077,133078,0,0,0,0
1788787841.1718268,25,-24,-22,27,21392,8882,10106,14292,133104,133105,133107,133108,0,0,0,0
1788787841.222017,26,-19,-21,25,22059,8233,9478,14933,133134,133135,133137,133138,0,0,0,0
1788787841.2820978,23,-26,-22,24,22706,7616,8842,15530,133164,133165,133167,133168,0,0,0,0
1788787841.4264278,17,-21,-16,16,23276,6946,8205,16169,133194,133195,133197,133198,0,0,0,0
1788787841.4264278,22,-22,-21,23,23858,6361,7654,16735,133224,133225,133227,133228,0,0,0,0
1788787841.4264278,20,-19,-25,22,24494,5722,7010,17364,133254,133255,133257,133258,0,0,0,0
1788787841.4940453,24,-26,-22,29,25183,5063,6334,18088,133284,133285,133287,133288,0,0,0,0
1788787841.5542114,23,-26,-24,21,25836,4378,5670,18712,133314,133315,133317,133318,0,0,0,0
1788787841.6129935,24,-23,-27,26,26530,3723,5021,19354,133344,133345,133347,133348,0,0,0,0
1788787841.7115777,23,-23,-21,23,27151,3100,4392,19989,133374,133375,133377,133378,0,0,0,0
1788787841.768899,20,-26,-20,23,27808,2502,3720,20661,133404,133405,133407,133408,0,0,0,0
1788787841.793271,22,-28,-22,23,28963,1290,2541,21825,133464,133465,133467,133468,0,0,0,0
1788787841.8652468,16,-23,-20,22,30214,78,1272,23081,133524,133525,133527,133528,0,0,0,0
1788787841.9579606,16,-23,-20,22,30214,78,1272,23081,133524,133525,133527,133528,0,0,0,0
1788787841.975399,23,-36,-20,27,30794,32255,707,23647,133554,133555,133557,133558,0,0,0,0
1788787842.0125377,34,-27,-26,24,32187,30845,32121,24976,133614,133615,133617,133618,0,0,0,0
1788787842.041416,34,-27,-26,24,32187,30845,32121,24976,133614,133615,133617,133618,0,0,0,0
1788787842.1394193,40,-22,-25,24,605,29664,30936,26195,133674,133675,133677,133678,0,0,0,0
1788787842.2156346,25,-23,-29,24,1884,28335,29647,27470,133734,133735,133737,133738,0,0,0,0
1788787842.2823985,27,-21,-21,18,2480,27732,28964,28108,133764,133765,133767,133768,0,0,0,0
1788787842.388182,19,-28,-19,25,3148,27113,28390,28801,133794,133795,133797,133798,0,0,0,0
1788787842.388182,25,-20,-25,25,3753,26508,27789,29363,133824,133825,133827,133828,0,0,0,0
1788787842.4042172,22,-15,-20,20,4442,25890,27073,30063,133854,133855,133857,133858,0,0,0,0
1788787842.4683123,23,-26,-16,17,5024,25274,26471,30666,133884,133885,133887,133888,0,0,0,0
1788787842.5053964,16,-15,1,17,5650,24603,25872,31272,133914,133915,133917,133918,0,0,0,0
1788787842.6129544,28,-27,-25,23,6240,24025,25274,31847,133944,133945,133947,133948,0,0,0,0
1788787842.6291208,19,-18,-18,22,6885,23389,24587,32512,133974,133975,133977,133978,0,0,0,0
1788787842.6873288,21,-27,-25,26,7499,22783,23989,393,134004,134005,134007,134008,0,0,0,0
1788787842.703288,21,-19,-25,17,8122,22091,23377,1023,134034,134035,134037,134038,0,0,0,0
1788787842.797127,28,-28,-27,26,8800,21524,22764,1638,134064,134065,134067,134068,0,0,0,0
1788787842.8119943,17,-26,-17,22,9409,20903,22095,2257,134094,134095,134097,134098,0,0,0,0
1788787842.8727477,23,-29,-22,25,10047,20204,21482,2905,134124,134125,134127,134128,0,0,0,0
1788787842.9095755,27,-23,-23,17,10642,19574,20857,3538,134154,134155,134157,134158,0,0,0,0
1788787842.9904804,17,-27,-29,21,11304,18926,20204,4204,134184,134185,134187,134188,0,0,0,0
1788787843.0078175,21,-21,-27,27,11868,18350,19628,4786,134214,134215,134217,134218,0,0,0,0
1788787843.0774043,24,-23,-22,19,12559,17667,18963,5402,134244,134245,134247,134248,0,0,0,0
1788787843.1544447,26,-20,-19,36,13184,17083,18374,6021,134274,134275,134277,134278,0,0,0,0
1788787843.2009902,26,-29,-21,21,14406,15804,17139,7355,134334,134335,134337,134338,0,0,0,0
1788787843.2699625,21,-17,-26,19,15039,15106,16466,7988,134364,134365,134367,134368,0,0,0,0
1788787843.3345737,23,-27,-25,25,15646,14538,15840,8594,134394,134395,134397,134398,0,0,0,0
1788787843.412344,28,-29,-26,24,16868,13244,14654,9856,134454,134455,134457,134458,0,0,0,0
1788787843.4708157,22,-21,-24,20,17547,12574,13974,10455,134484,134485,134487,134488,0,0,0,0
1788787843.589527,21,-22,-25,27,18233,11947,13326,11170,134514,134515,134517,134518,0,0,0,0
1788787843.6143734,22,-26,-18,24,18785,11339,12704,11802,134544,134545,134547,134548,0,0,0,0
1788787843.6774862,24,-31,-23,22,20028,10109,11462,12970,134604,134605,134607,134608,0,0,0,0
1788787843.727585,21,-20,-19,17,20698,9460,10843,13579,134634,134635,134637,134638,0,0,0,0
1788787843.7914596,13,-15,-21,19,21144,8952,10340,14083,134664,134665,134667,134668,0,0,0,0
1788787843.8398993,25,-27,-24,26,21743,8331,9761,14729,134694,134695,134697,134698,0,0,0,0
1788787843.902337,30,-26,-28,29,22432,7692,9067,15341,134724,134725,134727,134728,0,0,0,0
1788787843.9500554,27,-18,-33,30,23128,6927,8329,16090,134754,134755,134757,134758,0,0,0,0
1788787843.9734843,28,-24,-23,21,23746,6243,7707,16723,134784,134785,134787,134788,0,0,0,0
1788787844.0303595,17,-12,-30,14,24430,5590,7025,17359,134814,134815,134817,134818,0,0,0,0
1788787844.095262,26,-28,-25,28,25092,4881,6378,18091,134844,134845,134847,134848,0,0,0,0
1788787844.1743486,21,-22,-21,16,26266,3693,5201,19235,134904,134905,134907,134908,0,0,0,0
1788787844.2335188,20,-25,-21,19,26839,3125,4613,19816,134934,134935,134937,134938,0,0,0,0
1788787844.274938,25,-23,-27,28,27479,2521,4007,20452,134964,134965,134967,134968,0,0,0,0
1788787844.3513532,16,-30,-28,19,28063,1927,3339,21058,134994,134995,134997,134998,0,0,0,0
1788787844.4098656,24,-25,-30,23,28714,1237,2714,21717,135024,135025,135027,135028,0,0,0,0
1788787844.461783,21,-29,-25,24,29376,573,2050,22348,135054,135055,135057,135058,0,0,0,0
1788787844.4834535,19,-15,-30,23,30087,32695,1344,23072,135084,135085,135087,135088,0,0,0,0
1788787844.5337434,21,-29,-23,24,30664,32039,777,23635,135114,135115,135117,135118,0,0,0,0
1788787844.5927618,22,-21,-20,20,31284,31387,165,24258,135144,135145,135147,135148,0,0,0,0
1788787844.6458685,26,-24,-21,26,31922,30803,32324,24846,135174,135175,135177,135178,0,0,0,0
1788787844.706704,20,-23,-26,23,32555,30216,31658,25494,135204,135205,135207,135208,0,0,0,0
1788787844.769352,18,-31,-25,22,352,29575,31128,26075,135234,135235,135237,135238,0,0,0,0
1788787844.8176634,25,-19,-26,16,974,28885,30528,26683,135264,135265,135267,135268,0,0,0,0
1788787844.833612,26,-27,-29,23,1630,28223,29824,27354,135294,135295,135297,135298,0,0,0,0
1788787844.8890042,21,-23,-15,16,2249,27717,29120,28024,135324,135325,135327,135328,0,0,0,0
1788787844.953333,27,-26,-20,27,2901,27006,28584,28698,135354,135355,135357,135358,0,0,0,0
1788787845.0182166,15,-21,-21,21,3456,26426,28013,29239,135384,135385,135387,135388,0,0,0,0
1788787845.050294,25,-22,-32,30,4129,25836,27358,29911,135414,135415,135417,135418,0,0,0,0
1788787845.1127734,22,-20,-25,18,4738,25231,26666,30531,135444,135445,135447,135448,0,0,0,0
1788787845.1849248,21,-22,-23,25,5381,24572,26051,31172,135474,135475,135477,135478,0,0,0,0
1788787845.242001,24,-25,-18,25,5944,23903,25446,31755,135504,135505,135507,135508,0,0,0,0
1788787845.242001,21,-22,-26,17,6647,23290,24759,32463,135534,135535,135537,135538,0,0,0,0
1788787845.3113348,26,-24,-30,25,7241,22646,24151,316,135564,135565,135567,135568,0,0,0,0
1788787845.3437226,19,-24,-24,17,7891,22064,23517,959,135594,135595,135597,135598,0,0,0,0
1788787845.4123678,24,-23,-23,26,8508,21453,22948,1540,135624,135625,135627,135628,0,0,0,0
1788787845.4732685,17,-22,-25,22,9169,20852,22296,2154,135654,135655,135657,135658,0,0,0,0
1788787845.5343292,24,-26,-22,24,9729,20158,21716,2839,135684,135685,135687,135688,0,0,0,0
1788787845.5499985,24,-22,-18,26,10362,19577,21069,3470,135714,135715,135717,135718,0,0,0,0
1788787845.6466835,21,-26,-24,20,12240,17652,19197,5340,135804,135805,135807,135808,0,0,0,0
1788787845.7131171,21,-26,-24,20,12240,17652,19197,5340,135804,135805,135807,135808,0,0,0,0
1788787845.7586951,25,-21,-30,22,13515,16468,17949,6667,135864,135865,135867,135868,0,0,0,0
1788787845.833094,23,-22,-23,16,14096,15863,17341,7255,135894,135895,135897,135898,0,0,0,0
1788787845.887026,19,-18,-30,19,14732,15132,16673,7885,135924,135925,135927,135928,0,0,0,0
1788787845.9189265,21,-21,-24,22,15342,14550,16040,8481,135954,135955,135957,135958,0,0,0,0
1788787845.9509943,24,-19,-21,19,15973,13923,15397,9125,135984,135985,135987,135988,0,0,0,0
1788787846.0160313,24,-31,-24,23,16541,13253,14810,9752,136014,136015,136017,136018,0,0,0,0
1788787846.0480025,18,-16,-20,26,17248,12601,14131,10389,136044,136045,136047,136048,0,0,0,0
1788787846.1321635,25,-30,-25,30,17880,11964,13476,11043,136074,136075,136077,136078,0,0,0,0
1788787846.213447,25,-25,-20,24,19049,10721,12322,12302,136134,136135,136137,136138,0,0,0,0
1788787846.2658854,21,-22,-25,21,19705,10151,11638,12850,136164,136165,136167,136168,0,0,0,0
1788787846.3304262,22,-25,-30,23,20362,9505,10993,13512,136194,136195,136197,136198,0,0,0,0
1788787846.3932557,13,-24,-19,20,20965,8897,10370,14084,136224,136225,136227,136228,0,0,0,0
1788787846.422325,27,-21,-26,21,21556,8251,9789,14763,136254,136255,136257,136258,0,0,0,0
1788787846.470175,25,-24,-23,28,22238,7632,9123,15348,136284,136285,136287,136288,0,0,0,0
1788787846.5531812,26,-21,-28,21,22900,6957,8447,16045,136314,136315,136317,136318,0,0,0,0
1788787846.6015291,16,-22,-21,18,23436,6363,7870,16608,136344,136345,136347,136348,0,0,0,0
1788787846.6720884,22,-21,-21,22,24086,5726,7262,17241,136374,136375,136377,136378,0,0,0,0
1788787846.7345188,26,-29,-22,29,24695,5080,6630,17878,136404,136405,136407,136408,0,0,0,0
1788787846.7531362,18,-21,-26,16,25353,4443,5983,18528,136434,136435,136437,136438,0,0,0,0
1788787846.8464065,24,-23,-23,25,25937,3831,5385,19128,136464,136465,136467,136468,0,0,0,0
1788787846.9055483,19,-20,-27,19,26614,3207,4729,19761,136494,136495,136497,136498,0,0,0,0
1788787846.912856,31,-26,-21,24,27237,2568,4085,20436,136524,136525,136527,136528,0,0,0,0
1788787846.9525945,18,-24,-24,21,27898,1971,3378,21057,136554,136555,136557,136558,0,0,0,0
1788787847.0162344,26,-22,-18,24,28487,1316,2793,21691,136584,136585,136587,136588,0,0,0,0
1788787847.032366,21,-19,-22,22,29112,710,2159,22265,136614,136615,136617,136618,0,0,0,0
1788787847.087285,29,-19,-24,24,29713,82,1504,22940,136644,136645,136647,136648,0,0,0,0
1788787847.143911,10,-21,-17,18,30324,32311,965,23451,136674,136675,136677,136678,0,0,0,0
1788787847.2284417,19,-27,-25,17,31490,31018,32550,24663,136734,136735,136737,136738,0,0,0,0
1788787847.3293092,25,-19,-30,25,32236,30376,31810,25387,136764,136765,136767,136768,0,0,0,0
1788787847.3329132,24,-29,-21,31,132,29692,31189,26029,136794,136795,136797,136798,0,0,0,0
1788787847.3888173,25,-23,-22,21,819,28928,30548,26688,136824,136825,136827,136828,0,0,0,0
1788787847.4385808,23,-26,-24,26,1462,28248,29861,27371,136854,136855,136857,136858,0,0,0,0
1788787847.551045,15,-27,-13,19,2090,27755,29140,28010,136884,136885,136887,136888,0,0,0,0
1788787847.5669508,22,-20,-15,23,2652,27142,28649,28604,136914,136915,136917,136918,0,0,0,0
1788787847.5902584,16,-20,-26,18,3230,26576,28155,29139,136944,136945,136947,136948,0,0,0,0
1788787847.6444616,21,-24,-23,22,3775,25984,27566,29741,136974,136975,136977,136978,0,0,0,0
1788787847.7116644,24,-24,-22,23,4442,25381,26869,30384,137004,137005,137007,137008,0,0,0,0
1788787847.775503,24,-29,-25,21,5055,24656,26235,31057,137034,137035,137037,137038,0,0,0,0
1788787847.794025,22,-33,-23,28,5661,24035,25641,31727,137064,137065,137067,137068,0,0,0,0
1788787847.8721926,19,-28,-22,40,6921,22574,24365,410,137124,137125,137127,137128,0,0,0,0
1788787847.962938,19,-27,-24,24,8136,21317,23206,1709,137184,137185,137187,137188,0,0,0,0
1788787848.0381532,22,-28,-24,20,8708,20630,22566,2336,137214,137215,137217,137218,0,0,0,0
1788787848.1274245,20,-21,-26,28,9254,19851,22025,3067,137244,137245,137247,137248,0,0,0,0
1788787848.1325097,24,-21,-19,27,9799,19292,21492,3734,137274,137275,137277,137278,0,0,0,0
1788787848.1929424,15,-25,-20,15,10402,18630,20910,4408,137304,137305,137307,137308,0,0,0,0
1788787848.251598,25,-24,-26,27,11006,17946,20268,5020,137334,137335,137337,137338,0,0,0,0
1788787848.277389,16,-23,-20,21,11562,17278,19678,5654,137364,137365,137367,137368,0,0,0,0
1788787848.345665,28,-26,-23,25,12209,16659,19109,6473,137394,137395,137397,137398,0,0,0,0
1788787848.3593843,20,-25,-21,23,12842,16050,18508,7068,137424,137425,137427,137428,0,0,0,0
1788787848.4327052,25,-23,-24,26,13470,15260,17868,7723,137454,137455,137457,137458,0,0,0,0
1788787848.485753,20,-22,-26,20,14079,14693,17244,8343,137484,137485,137487,137488,0,0,0,0
1788787848.5334427,26,-21,-24,18,14725,14043,16562,9008,137514,137515,137517,137518,0,0,0,0
1788787848.5651171,18,-27,-21,23,15322,13403,15938,9592,137544,137545,137547,137548,0,0,0,0
1788787848.6130066,23,-18,-22,21,15937,12714,15356,10260,137574,137575,137577,137578,0,0,0,0
1788787848.6713016,29,-20,-30,17,16495,12118,14799,10875,137604,137605,137607,137608,0,0,0,0
1788787848.7279181,25,-25,-26,17,17171,11498,14115,11537,137634,137635,137637,137638,0,0,0,0
1788787848.759318,20,-24,-21,17,17739,10886,13548,12091,137664,137665,137667,137668,0,0,0,0
1788787848.8563101,27,-19,-23,19,18360,10293,12935,12676,137694,137695,137697,137698,0,0,0,0
1788787848.8725328,27,-28,-23,28,18928,9649,12367,13360,137724,137725,137727,137728,0,0,0,0
1788787848.9609518,21,-21,-20,18,19635,8987,11647,13987,137754,137755,137757,137758,0,0,0,0
1788787848.9726138,31,-25,-10,24,20309,8296,10955,14697,137784,137785,137787,137788,0,0,0,0
1788787849.019457,33,-21,-18,25,20936,7665,10319,15287,137814,137815,137817,137818,0,0,0,0
1788787849.068199,22,-23,-20,24,21508,6989,9738,15973,137844,137845,137847,137848,0,0,0,0
1788787849.1477711,24,-22,-20,21,22166,6411,9115,16529,137874,137875,137877,137878,0,0,0,0
1788787849.2068596,27,-27,-24,19,22811,5805,8479,17142,137904,137905,137907,137908,0,0,0,0
1788787849.2323058,23,-26,-16,26,23359,5201,7911,17713,137934,137935,137937,137938,0,0,0,0
1788787849.2936761,21,-25,-25,22,23988,4524,7291,18420,137964,137965,137967,137968,0,0,0,0
1788787849.354223,22,-22,-22,24,24603,3931,6686,19003,137994,137995,137997,137998,0,0,0,0
1788787849.4012895,26,-20,-23,26,25277,3290,6027,19660,138024,138025,138027,138028,0,0,0,0
1788787849.4325223,25,-27,-22,29,25882,2622,5416,20323,138054,138055,138057,138058,0,0,0,0
1788787849.5280097,20,-25,-23,25,26547,1999,4795,21011,138084,138085,138087,138088,0,0,0,0
1788787849.553585,24,-29,-31,23,27134,1292,4139,21652,138114,138115,138117,138118,0,0,0,0
1788787849.595863,16,-24,-23,23,27818,669,3478,22260,138144,138145,138147,138148,0,0,0,0
1788787849.647479,23,-21,-27,22,28353,37,2921,22941,138174,138175,138177,138178,0,0,0,0
1788787849.7267523,17,-21,-18,23,29429,31407,1874,24220,138234,138235,138237,138238,0,0,0,0
1788787849.7851512,15,-24,-23,25,30056,30812,1324,24918,138264,138265,138267,138268,0,0,0,0
1788787849.9334104,10,-25,-22,10,30482,30183,770,25530,138294,138295,138297,138298,0,0,0,0
1788787849.9334104,20,-29,-28,26,31689,28677,32390,26927,138354,138355,138357,138358,0,0,0,0
1788787850.0024896,18,-25,-19,23,32398,27929,31670,27772,138384,138385,138387,138388,0,0,0,0
1788787850.0712197,20,-25,-18,28,177,27287,31108,28461,138414,138415,138417,138418,0,0,0,0
1788787850.1305482,18,-28,-21,27,1302,25961,30019,29742,138474,138475,138477,138478,0,0,0,0
1788787850.1784773,18,-28,-21,27,1302,25961,30019,29742,138474,138475,138477,138478,0,0,0,0
1788787850.225805,19,-18,-12,20,2455,24644,28868,31048,138534,138535,138537,138538,0,0,0,0
1788787850.250245,13,-29,-21,20,3093,24087,28364,31646,138564,138565,138567,138568,0,0,0,0
1788787850.3302355,13,-34,-17,9,3558,23316,27722,32334,138594,138595,138597,138598,0,0,0,0
1788787850.378112,-130,-144,-118,-125,2031,21163,25526,30871,138624,138625,138627,138628,0,0,0,0
1788787850.4301603,-84,-98,-82,-70,31786,17791,22418,28073,138654,138655,138657,138658,0,0,0,0
1788787850.4426248,-76,-96,-94,-82,29942,15445,20159,26156,138684,138685,138687,138688,0,0,0,0
1788787850.5121777,-89,-92,-93,-113,27837,13301,17771,23744,138714,138715,138717,138718,0,0,0,0
1788787850.5710511,-108,-76,-87,-89,25276,11096,15403,20984,138744,138745,138747,138748,0,0,0,0
1788787850.6047966,-116,-76,-87,-125,22543,8984,13249,18069,138774,138775,138777,138778,0,0,0,0
1788787850.7351043,-97,-78,-99,-101,19712,6562,11020,15289,138804,138805,138807,138808,0,0,0,0
1788787850.7825966,-97,-109,-110,-80,14270,1365,6150,10131,138864,138865,138867,138868,0,0,0,0
1788787850.8470619,-70,-93,-86,-96,11738,31354,3274,7710,138894,138895,138897,138898,0,0,0,0
1788787850.919321,-70,-114,-100,-93,9303,28600,485,5188,138924,138925,138927,138928,0,0,0,0
1788787850.9320803,-86,-84,-99,-115,6874,25780,30429,2584,138954,138955,138957,138958,0,0,0,0
1788787850.988241,-87,-73,-120,-104,4328,23099,27566,32762,138984,138985,138987,138988,0,0,0,0
1788787851.0526505,24,24,25,51,2811,21728,26233,31650,139014,139015,139017,139018,0,0,0,0
1788787851.0688434,0,-17,-19,5,3846,21918,26417,32531,139044,139045,139047,139048,0,0,0,0
1788787851.134096,-5,-23,-31,-7,3751,20990,25665,32397,139074,139075,139077,139078,0,0,0,0
1788787851.1590977,27,-36,-45,7,3923,19827,24538,32431,139104,139105,139107,139108,0,0,0,0
1788787851.2408233,21,-37,-38,14,4516,18893,23452,40,139134,139135,139137,139138,0,0,0,0
1788787851.2723887,28,-47,-39,20,5095,17887,22272,601,139164,139165,139167,139168,0,0,0,0
1788787851.3413215,20,-27,-35,18,5740,17058,21310,1134,139194,139195,139197,139198,0,0,0,0
1788787851.3865666,18,-28,-28,22,6319,16287,20505,1674,139224,139225,139227,139228,0,0,0,0
1788787851.455891,14,-16,-25,16,7206,14874,19304,2638,139284,139285,139287,139288,0,0,0,0
1788787851.576397,19,-20,-18,12,7681,14335,18750,3151,139314,139315,139317,139318,0,0,0,0
1788787851.6311045,25,-27,-21,27,8808,13116,17458,4161,139374,139375,139377,139378,0,0,0,0
1788787851.7148602,19,-22,-26,24,9419,12473,16800,4756,139404,139405,139407,139408,0,0,0,0
1788787851.7636213,26,-28,-23,24,10102,11784,16041,5364,139434,139435,139437,139438,0,0,0,0
1788787851.768233,28,-34,-30,29,10811,11068,15278,6040,139464,139465,139467,139468,0,0,0,0
1788787851.8323054,18,-23,-27,19,11510,10376,14564,6744,139494,139495,139497,139498,0,0,0,0
1788787851.868182,22,-25,-22,21,12151,9752,13886,7354,139524,139525,139527,139528,0,0,0,0
1788787851.9518673,17,-22,-24,14,12820,9136,13246,7970,139554,139555,139557,139558,0,0,0,0
1788787851.971567,17,-21,-21,22,13411,8542,12699,8508,139584,139585,139587,139588,0,0,0,0
1788787852.0435688,16,-17,-25,20,13948,7982,12137,9071,139614,139615,139617,139618,0,0,0,0
1788787852.0744193,27,-24,-24,21,14516,7413,11539,9626,139644,139645,139647,139648,0,0,0,0
1788787852.1548176,17,-24,-11,17,15150,6810,10897,10238,139674,139675,139677,139678,0,0,0,0
1788787852.1706605,24,-24,-22,22,15773,6145,10263,10851,139704,139705,139707,139708,0,0,0,0
1788787852.2449481,20,-21,-29,21,16382,5508,9584,11599,139734,139735,139737,139738,0,0,0,0
1788787852.3556228,27,-25,-30,21,17154,4796,8883,12274,139764,139765,139767,139768,0,0,0,0
1788787852.3601985,21,-28,-22,19,17807,4186,8176,12849,139794,139795,139797,139798,0,0,0,0
1788787852.4141138,21,-24,-22,24,18476,3520,7587,13518,139824,139825,139827,139828,0,0,0,0
1788787852.424585,23,-19,-18,21,19011,2953,6967,14075,139854,139855,139857,139858,0,0,0,0
1788787852.4917092,21,-20,-23,22,19635,2365,6382,14706,139884,139885,139887,139888,0,0,0,0
1788787852.540725,29,-26,-21,20,20230,1807,5775,15243,139914,139915,139917,139918,0,0,0,0
1788787852.614897,20,-18,-30,24,20875,1143,5172,15928,139944,139945,139947,139948,0,0,0,0
1788787852.6650722,30,-31,-26,25,21456,518,4518,16562,139974,139975,139977,139978,0,0,0,0
1788787852.7149458,24,-22,-30,24,22167,32655,3803,17207,140004,140005,140007,140008,0,0,0,0
1788787852.733891,30,-31,-20,32,22914,31923,3120,17898,140034,140035,140037,140038,0,0,0,0
1788787852.7899623,21,-19,-22,20,23490,31255,2454,18581,140064,140065,140067,140068,0,0,0,0
1788787852.8538268,24,-13,-18,19,24152,30666,1848,19185,140094,140095,140097,140098,0,0,0,0
1788787852.9155169,21,-20,-20,19,24689,30163,1218,19766,140124,140125,140127,140128,0,0,0,0
1788787852.9698966,20,-26,-16,24,25302,29520,705,20383,140154,140155,140157,140158,0,0,0,0
1788787853.0177443,23,-18,-21,20,25869,28886,124,20975,140184,140185,140187,140188,0,0,0,0
1788787853.0982153,30,-23,-28,27,26544,28233,32227,21615,140214,140215,140217,140218,0,0,0,0
1788787853.1141071,24,-18,-25,25,27191,27663,31519,22235,140244,140245,140247,140248,0,0,0,0
1788787853.223099,19,-25,-25,25,27893,26971,30958,22973,140274,140275,140277,140278,0,0,0,0
1788787853.233762,27,-23,-24,28,28485,26356,30339,23572,140304,140305,140307,140308,0,0,0,0
1788787853.2779562,18,-19,-29,20,29127,25754,29640,24224,140334,140335,140337,140338,0,0,0,0
1788787853.2936766,26,-26,-21,24,29784,25159,28963,24800,140364,140365,140367,140368,0,0,0,0
1788787853.4068618,23,-17,-21,18,30387,24481,28390,25466,140394,140395,140397,140398,0,0,0,0
1788787853.4541357,23,-28,-27,27,30989,23910,27837,26016,140424,140425,140427,140428,0,0,0,0
1788787853.4541357,23,-22,-28,17,31577,23275,27148,26622,140454,140455,140457,140458,0,0,0,0
1788787853.5142076,25,-28,-24,28,32325,22615,26511,27290,140484,140485,140487,140488,0,0,0,0
1788787853.5976484,26,-17,-22,18,109,22022,25888,27970,140514,140515,140517,140518,0,0,0,0
1788787853.6060228,23,-21,-21,24,761,21497,25308,28576,140544,140545,140547,140548,0,0,0,0
1788787853.6558666,25,-25,-24,0,1340,20879,24622,29139,140574,140575,140577,140578,0,0,0,0
1788787853.7134178,24,-30,-23,28,2036,20139,24009,29808,140604,140605,140607,140608,0,0,0,0
1788787853.788824,25,-27,-17,19,2640,19542,23380,30443,140634,140635,140637,140638,0,0,0,0
1788787853.803823,25,-22,-16,23,3944,18287,22087,31671,140694,140695,140697,140698,0,0,0,0
1788787853.8516364,23,-21,-27,29,4616,17595,21472,32371,140724,140725,140727,140728,0,0,0,0
1788787853.9094815,24,-28,-22,26,5238,17018,20863,221,140754,140755,140757,140758,0,0,0,0
1788787853.9734035,18,-25,-23,17,5780,16460,20251,868,140784,140785,140787,140788,0,0,0,0
1788787854.0218978,25,-27,-21,27,6410,15867,19660,1421,140814,140815,140817,140818,0,0,0,0
1788787854.0925307,16,-25,-29,22,7021,15146,19028,2058,140844,140845,140847,140848,0,0,0,0
1788787854.141395,26,-24,-24,18,7676,14561,18397,2706,140874,140875,140877,140878,0,0,0,0
1788787854.2175248,24,-27,-26,24,8304,13868,17719,3382,140904,140905,140907,140908,0,0,0,0
1788787854.2639484,30,-20,-27,26,9028,13190,17100,4037,140934,140935,140937,140938,0,0,0,0
1788787854.2639484,21,-18,-20,25,9598,12584,16436,4626,140964,140965,140967,140968,0,0,0,0
1788787854.3248944,15,-22,-20,22,10226,12004,15866,5277,140994,140995,140997,140998,0,0,0,0
1788787854.3861487,32,-26,-26,25,10839,11383,15220,5813,141024,141025,141027,141028,0,0,0,0
1788787854.4508092,19,-24,-20,24,11475,10661,14619,6542,141054,141055,141057,141058,0,0,0,0
1788787854.4993646,27,-25,-22,20,12074,10093,13972,7126,141084,141085,141087,141088,0,0,0,0
1788787854.5316606,22,-21,-26,24,12740,9439,13345,7767,141114,141115,141117,141118,0,0,0,0
1788787854.5817356,25,-20,-18,25,13359,8842,12741,8332,141144,141145,141147,141148,0,0,0,0
1788787854.6406987,19,-26,-30,17,13962,8186,12128,9017,141174,141175,141177,141178,0,0,0,0
1788787854.704653,25,-29,-19,30,14572,7574,11469,9587,141204,141205,141207,141208,0,0,0,0
1788787854.7501929,19,-23,-25,18,15181,6911,10816,10200,141234,141235,141237,141238,0,0,0,0
1788787854.801416,21,-27,-19,15,15782,6322,10251,10777,141264,141265,141267,141268,0,0,0,0
1788787854.8334029,23,-24,-21,17,16338,5699,9632,11457,141294,141295,141297,141298,0,0,0,0
1788787854.8932486,20,-30,-22,25,17031,5060,8968,12094,141324,141325,141327,141328,0,0,0,0
1788787854.9273455,25,-20,-25,20,17673,4388,8250,12706,141354,141355,141357,141358,0,0,0,0
1788787855.0046253,26,-31,-21,22,18321,3730,7684,13363,141384,141385,141387,141388,0,0,0,0
1788787855.027309,20,-21,-26,21,18889,3122,7053,13939,141414,141415,141417,141418,0,0,0,0
1788787855.0918975,23,-21,-21,24,19572,2560,6470,14585,141444,141445,141447,141448,0,0,0,0
1788787855.1339014,20,-21,-23,20,20182,1977,5834,15164,141474,141475,141477,141478,0,0,0,0
1788787855.198731,21,-23,-24,28,20836,1277,5200,15864,141504,141505,141507,141508,0,0,0,0
1788787855.2653604,31,-23,-25,16,21398,676,4561,16474,141534,141535,141537,141538,0,0,0,0
1788787855.2985837,26,-16,-23,21,22085,42,3890,17103,141564,141565,141567,141568,0,0,0,0
1788787855.3383043,28,-29,-18,29,22766,32206,3252,17710,141594,141595,141597,141598,0,0,0,0
1788787855.378917,20,-24,-26,21,23340,31489,2630,18424,141624,141625,141627,141628,0,0,0,0
1788787855.4577043,22,-20,-24,20,23958,30904,2008,18987,141654,141655,141657,141658,0,0,0,0
1788787855.5569344,18,-17,-24,17,24548,30347,1337,19645,141684,141685,141687,141688,0,0,0,0
1788787855.5802464,33,-28,-21,27,25176,29746,778,20252,141714,141715,141717,141718,0,0,0,0
1788787855.5802464,20,-26,-17,22,25784,29027,175,20895,141744,141745,141747,141748,0,0,0,0
1788787855.6632078,22,-26,-34,24,26458,28388,32305,21523,141774,141775,141777,141778,0,0,0,0
1788787855.721529,22,-20,-23,23,27083,27772,31572,22134,141804,141805,141807,141808,0,0,0,0
1788787855.7758782,22,-22,-24,20,27776,27113,31003,22828,141834,141835,141837,141838,0,0,0,0
1788787855.837891,22,-20,-27,21,28344,26520,30413,23428,141864,141865,141867,141868,0,0,0,0
1788787855.8518643,22,-22,-27,19,28983,25925,29752,24069,141894,141895,141897,141898,0,0,0,0
1788787855.9070377,27,-22,-29,22,29603,25324,29074,24635,141924,141925,141927,141928,0,0,0,0
1788787855.9706016,23,-23,-22,24,30255,24628,28500,25326,141954,141955,141957,141958,0,0,0,0
1788787856.0306332,29,-25,-30,21,31495,23393,27193,26531,142014,142015,142017,142018,0,0,0,0
1788787856.0662282,23,-25,-23,28,32228,22747,26529,27197,142044,142045,142047,142048,0,0,0,0
1788787856.1306412,18,-26,-18,18,16,22086,25903,27903,142074,142075,142077,142078,0,0,0,0
1788787856.1489491,27,-22,-23,23,619,21543,25380,28497,142104,142105,142107,142108,0,0,0,0
1788787856.2330778,22,-23,-30,18,1194,20942,24700,29063,142134,142135,142137,142138,0,0,0,0
1788787856.3320048,24,-26,-19,27,1861,20266,24116,29692,142164,142165,142167,142168,0,0,0,0
1788787856.343046,23,-20,-17,27,2456,19631,23506,30358,142194,142195,142197,142198,0,0,0,0
1788787856.391477,23,-28,-30,24,3138,19027,22908,31018,142224,142225,142227,142228,0,0,0,0
1788787856.4072058,27,-28,-23,22,3769,18385,22220,31592,142254,142255,142257,142258,0,0,0,0
1788787856.467057,26,-27,-21,21,4480,17675,21573,32290,142284,142285,142287,142288,0,0,0,0
1788787856.5330155,20,-20,-24,19,5085,17103,20946,152,142314,142315,142317,142318,0,0,0,0
1788787856.5938852,16,-23,-16,16,5656,16555,20348,807,142344,142345,142347,142348,0,0,0,0
1788787856.650828,26,-27,-20,24,6215,15977,19762,1328,142374,142375,142377,142378,0,0,0,0
1788787856.6994789,19,-26,-25,17,6855,15248,19174,1953,142404,142405,142407,142408,0,0,0,0
1788787856.7821124,22,-24,-26,24,7467,14678,18524,2573,142434,142435,142437,142438,0,0,0,0
1788787856.7821124,16,-26,-23,24,8118,14003,17849,3258,142464,142465,142467,142468,0,0,0,0
1788787856.8930726,24,-32,-22,29,8826,13341,17199,3888,142494,142495,142497,142498,0,0,0,0
1788787856.9089227,20,-18,-25,22,9435,12671,16520,4552,142524,142525,142527,142528,0,0,0,0
1788787856.9732285,22,-25,-18,27,10067,12084,15947,5158,142554,142555,142557,142558,0,0,0,0
1788787857.008712,21,-23,-18,15,10635,11471,15322,5683,142584,142585,142587,142588,0,0,0,0
1788787857.0739067,17,-23,-21,21,11306,10831,14788,6339,142614,142615,142617,142618,0,0,0,0
1788787857.0899298,18,-22,-23,20,11846,10251,14135,6948,142644,142645,142647,142648,0,0,0,0
1788787857.1385467,22,-29,-19,24,12550,9588,13492,7621,142674,142675,142677,142678,0,0,0,0
1788787857.1841462,21,-21,-19,24,13193,8933,12828,8266,142704,142705,142707,142708,0,0,0,0
1788787857.2800353,26,-19,-22,23,14447,7651,11514,9508,142764,142765,142767,142768,0,0,0,0
1788787857.3441966,22,-23,-24,20,15067,6991,10870,10129,142794,142795,142797,142798,0,0,0,0
1788787857.4102197,23,-18,-21,25,15650,6441,10312,10693,142824,142825,142827,142828,0,0,0,0
1788787857.5034158,12,-25,-22,21,16215,5825,9726,11344,142854,142855,142857,142858,0,0,0,0
1788787857.5129397,27,-27,-23,22,16832,5204,9045,11974,142884,142885,142887,142888,0,0,0,0
1788787857.57698,25,-22,-31,19,17563,4548,8363,12604,142914,142915,142917,142918,0,0,0,0
1788787857.5930152,23,-22,-24,24,18209,3903,7761,13222,142944,142945,142947,142948,0,0,0,0
1788787857.6950424,26,-23,-23,20,18804,3253,7107,13843,142974,142975,142977,142978,0,0,0,0
1788787857.7129116,23,-24,-24,27,19467,2671,6499,14488,143004,143005,143007,143008,0,0,0,0
1788787857.7560334,26,-19,-23,20,20069,2043,5830,15094,143034,143035,143037,143038,0,0,0,0
1788787857.8197749,21,-24,-29,23,20735,1374,5224,15774,143064,143065,143067,143068,0,0,0,0
1788787857.8845866,18,-23,-26,22,21315,775,4588,16390,143094,143095,143097,143098,0,0,0,0
1788787857.9444926,24,-26,-20,15,22621,32378,3313,17548,143154,143155,143157,143158,0,0,0,0
1788787857.9485102,18,-24,-28,25,23207,31662,2711,18241,143184,143185,143187,143188,0,0,0,0
1788787858.003886,24,-23,-18,21,23756,31110,2129,18811,143214,143215,143217,143218,0,0,0,0
1788787858.138016,14,-22,-21,21,24389,30526,1478,19460,143244,143245,143247,143248,0,0,0,0
1788787858.1512606,23,-24,-23,13,25653,29217,286,20773,143304,143305,143307,143308,0,0,0,0
1788787858.254,27,-24,-23,23,26312,28552,32384,21389,143334,143335,143337,143338,0,0,0,0
1788787858.2707171,24,-15,-21,21,26952,27921,31663,22025,143364,143365,143367,143368,0,0,0,0
1788787858.3291557,22,-24,-19,26,27649,27311,31107,22720,143394,143395,143397,143398,0,0,0,0
1788787858.382667,22,-16,-26,19,28208,26690,30543,23304,143424,143425,143427,143428,0,0,0,0
1788787858.4304338,23,-24,-29,24,28827,26139,29948,23896,143454,143455,143457,143458,0,0,0,0
1788787858.504556,29,-20,-22,19,29394,25533,29241,24485,143484,143485,143487,143488,0,0,0,0
1788787858.5119658,23,-24,-25,28,30070,24879,28646,25130,143514,143515,143517,143518,0,0,0,0
1788787858.5590186,25,-22,-21,24,30675,24259,28040,25737,143544,143545,143547,143548,0,0,0,0
1788787858.6298106,4,-23,-29,23,31339,23570,27351,26421,143574,143575,143577,143578,0,0,0,0
1788787858.6933944,30,-24,-24,25,32058,22949,26650,27058,143604,143605,143607,143608,0,0,0,0
1788787858.749678,18,-24,-19,26,32690,22259,26035,27807,143634,143635,143637,143638,0,0,0,0
1788787858.7656658,19,-19,-20,19,426,21748,25513,28330,143664,143665,143667,143668,0,0,0,0
1788787858.8714833,25,-20,-26,16,1011,21166,24917,28915,143694,143695,143697,143698,0,0,0,0
1788787858.9242332,24,-30,-20,22,1649,20531,24277,29502,143724,143725,143727,143728,0,0,0,0
1788787858.9242332,19,-29,-25,20,2316,19780,23636,30241,143754,143755,143757,143758,0,0,0,0
1788787858.9841897,25,-30,-29,31,3013,19179,23009,30917,143784,143785,143787,143788,0,0,0,0
1788787859.029536,30,-20,-29,19,3636,18544,22279,31507,143814,143815,143817,143818,0,0,0,0
1788787859.1017163,22,-28,-27,16,4348,17855,21667,32206,143844,143845,143847,143848,0,0,0,0
1788787859.1410859,23,-21,-21,20,4946,17266,21042,41,143874,143875,143877,143878,0,0,0,0
1788787859.2238827,16,-24,-18,21,5542,16679,20483,717,143904,143905,143907,143908,0,0,0,0
1788787859.2321162,23,-18,-9,23,6050,16149,19895,1209,143934,143935,143937,143938,0,0,0,0
1788787859.281806,21,-25,-29,22,6710,15476,19304,1819,143964,143965,143967,143968,0,0,0,0
1788787859.4108722,23,-21,-28,27,7338,14871,18652,2448,143994,143995,143997,143998,0,0,0,0
1788787859.432193,14,-27,-33,32,8016,14198,17998,3146,144024,144025,144027,144028,0,0,0,0
1788787859.4686363,25,-22,-27,29,8714,13561,17316,3799,144054,144055,144057,144058,0,0,0,0
1788787859.5311012,17,-21,-28,19,9384,12832,16636,4503,144084,144085,144087,144088,0,0,0,0
1788787859.5793855,24,-17,-30,16,9981,12292,16028,5102,144114,144115,144117,144118,0,0,0,0
1788787859.5793855,24,-22,-21,19,10560,11688,15466,5654,144144,144145,144147,144148,0,0,0,0
1788787859.699816,22,-23,-24,27,11199,11080,14912,6274,144174,144175,144177,144178,0,0,0,0
1788787859.699816,16,-20,-25,19,11731,10430,14278,6889,144204,144205,144207,144208,0,0,0,0
1788787859.771481,26,-25,-18,26,12409,9811,13641,7535,144234,144235,144237,144238,0,0,0,0
1788787859.8192258,22,-27,-28,16,13043,9171,12958,8180,144264,144265,144267,144268,0,0,0,0
1788787859.8883955,23,-24,-22,23,13689,8530,12394,8821,144294,144295,144297,144298,0,0,0,0
1788787859.9439812,18,-24,-26,21,14256,7896,11703,9379,144324,144325,144327,144328,0,0,0,0
1788787860.0065398,22,-29,-21,19,14890,7256,11085,10003,144354,144355,144357,144358,0,0,0,0
1788787860.0226855,23,-25,-30,26,16070,6046,9879,11232,144414,144415,144417,144418,0,0,0,0
1788787860.0711148,23,-24,-34,21,16654,5431,9190,11886,144444,144445,144447,144448,0,0,0,0
1788787860.1447728,21,-21,-23,18,17433,4683,8484,12542,144474,144475,144477,144478,0,0,0,0
1788787860.1501608,29,-26,-22,27,18067,4081,7878,13132,144504,144505,144507,144508,0,0,0,0
1788787860.197654,15,-25,-26,17,18664,3427,7261,13759,144534,144535,144537,144538,0,0,0,0
1788787860.2730765,23,-19,-28,33,19271,2835,6680,14340,144564,144565,144567,144568,0,0,0,0
1788787860.3216634,25,-19,-20,18,19855,2274,6034,14982,144594,144595,144597,144598,0,0,0,0
1788787860.3930821,25,-29,-20,24,20517,1624,5441,15591,144624,144625,144627,144628,0,0,0,0
1788787860.447687,20,-22,-27,26,21089,981,4797,16256,144654,144655,144657,144658,0,0,0,0
1788787860.5059803,23,-25,-31,31,21747,347,4165,16888,144684,144685,144687,144688,0,0,0,0
1788787860.522016,24,-19,-20,26,22420,32549,3459,17470,144714,144715,144717,144718,0,0,0,0
1788787860.586478,16,-23,-24,27,23079,31791,2832,18204,144744,144745,144747,144748,0,0,0,0
1788787860.634204,27,-20,-21,18,23630,31170,2217,18808,144774,144775,144777,144778,0,0,0,0
1788787860.7006438,25,-25,-25,28,24287,30581,1590,19462,144804,144805,144807,144808,0,0,0,0
1788787860.704801,20,-21,-21,23,24856,30031,971,20061,144834,144835,144837,144838,0,0,0,0
1788787860.7709882,19,-26,-22,25,25503,29332,367,20738,144864,144865,144867,144868,0,0,0,0
1788787860.8193138,26,-24,-24,24,26111,28649,32517,21327,144894,144895,144897,144898,0,0,0,0
1788787860.8926013,24,-23,-27,21,26770,28010,31822,21965,144924,144925,144927,144928,0,0,0,0
1788787860.989605,24,-24,-21,28,27424,27450,31239,22634,144954,144955,144957,144958,0,0,0,0
1788787861.005446,20,-18,-20,17,28035,26783,30672,23258,144984,144985,144987,144988,0,0,0,0
1788787861.0539792,23,-19,-22,20,28659,26211,30067,23851,145014,145015,145017,145018,0,0,0,0
1788787861.0697029,17,-24,-21,19,29250,25591,29314,24461,145044,145045,145047,145048,0,0,0,0
1788787861.1172771,26,-21,-22,21,29915,24946,28731,25119,145074,145075,145077,145078,0,0,0,0
1788787861.1814234,17,-22,-26,22,30514,24314,28130,25723,145104,145105,145107,145108,0,0,0,0
1788787861.272068,25,-25,-30,23,31189,23667,27495,26398,145134,145135,145137,145138,0,0,0,0
1788787861.306744,20,-21,-25,25,31815,22981,26742,27023,145164,145165,145167,145168,0,0,0,0
1788787861.3662975,23,-22,-23,19,32488,22242,26160,27799,145194,145195,145197,145198,0,0,0,0
1788787861.4334648,21,-27,-16,21,229,21744,25645,28374,145224,145225,145227,145228,0,0,0,0
1788787861.4968367,21,-21,-16,21,777,21129,25173,28970,145254,145255,145257,145258,0,0,0,0
1788787861.5408654,24,-32,-26,29,1291,20487,24561,29564,145284,145285,145287,145288,0,0,0,0
1788787861.553329,21,-21,-22,32,1965,19724,23973,30334,145314,145315,145317,145318,0,0,0,0
1788787861.6597178,21,-30,-27,30,2500,19010,23374,31069,145344,145345,145347,145348,0,0,0,0
1788787861.6667907,17,-39,-20,32,3078,18215,22829,31787,145374,145375,145377,145378,0,0,0,0
1788787861.6991634,14,-26,-16,28,3543,17386,22296,32645,145404,145405,145407,145408,0,0,0,0
1788787861.766891,15,-23,-14,26,4108,16678,21855,716,145434,145435,145437,145438,0,0,0,0
1788787861.7916179,8,-28,-15,30,4590,15959,21386,1393,145464,145465,145467,145468,0,0,0,0
1788787861.846349,18,-27,-22,27,5036,15085,20952,2200,145494,145495,145497,145498,0,0,0,0
1788787861.911858,13,-32,-15,29,5461,14320,20497,3021,145524,145525,145527,145528,0,0,0,0
1788787861.9693363,13,-32,-22,27,5780,13565,19995,3747,145554,145555,145557,145558,0,0,0,0
1788787862.0238795,21,-28,-18,30,6281,12675,19577,4598,145584,145585,145587,145588,0,0,0,0
1788787862.0705657,21,-26,-23,13,6824,11909,19051,5364,145614,145615,145617,145618,0,0,0,0
1788787862.0865853,21,-33,-19,37,7338,11083,18506,6142,145644,145645,145647,145648,0,0,0,0
1788787862.1526866,19,-31,-19,24,7968,10307,17936,7119,145674,145675,145677,145678,0,0,0,0
1788787862.2124455,24,-34,-17,27,8555,9425,17381,7963,145704,145705,145707,145708,0,0,0,0
1788787862.2722049,19,-32,-7,35,9773,7782,16221,9653,145764,145765,145767,145768,0,0,0,0
1788787862.304019,20,-33,-25,22,10279,6849,15688,10433,145794,145795,145797,145798,0,0,0,0
1788787862.3861988,19,-33,-14,29,10789,6016,15138,11340,145824,145825,145827,145828,0,0,0,0
1788787862.4316478,12,-45,11,30,11234,5102,14608,12164,145854,145855,145857,145858,0,0,0,0
1788787862.4475935,25,-33,-20,37,11691,4245,14102,13005,145884,145885,145887,145888,0,0,0,0
1788787862.5080216,23,-31,-17,40,12276,3352,13606,13940,145914,145915,145917,145918,0,0,0,0
1788787862.572731,16,-35,-2,27,12813,2474,13046,14916,145944,145945,145947,145948,0,0,0,0
1788787862.620959,21,-34,-17,36,13380,1592,12590,15845,145974,145975,145977,145978,0,0,0,0
1788787862.6836786,22,-36,-16,35,13930,707,12086,16732,146004,146005,146007,146008,0,0,0,0
1788787862.699112,20,-28,-22,32,14442,32608,11563,17608,146034,146035,146037,146038,0,0,0,0
1788787862.7957044,8,-36,-23,24,14931,31582,11019,18559,146064,146065,146067,146068,0,0,0,0
1788787862.8168285,18,-36,-15,30,15379,30753,10533,19385,146094,146095,146097,146098,0,0,0,0
1788787862.866176,16,-39,-17,38,15860,29841,10109,20336,146124,146125,146127,146128,0,0,0,0
1788787862.9106102,22,-36,-22,35,16352,28840,9551,21251,146154,146155,146157,146158,0,0,0,0
1788787862.9939911,21,-30,-21,39,16918,27916,8998,22184,146184,146185,146187,146188,0,0,0,0
1788787863.0220606,20,-36,-15,32,17416,26935,8463,23210,146214,146215,146217,146218,0,0,0,0
1788787863.0930693,25,-31,-14,36,17942,26082,8073,24184,146244,146245,146247,146248,0,0,0,0
1788787863.108223,14,-36,-16,38,18416,25076,7622,25100,146274,146275,146277,146278,0,0,0,0
1788787863.171545,22,-33,-18,37,18859,24111,7124,26062,146304,146305,146307,146308,0,0,0,0
1788787863.2257767,15,-29,-25,34,19423,23185,6652,26956,146334,146335,146337,146338,0,0,0,0
1788787863.2842414,16,-30,-21,35,19833,22162,6089,27990,146364,146365,146367,146368,0,0,0,0
1788787863.3373806,24,-45,-14,30,20346,21298,5605,28893,146394,146395,146397,146398,0,0,0,0
1788787863.4112227,15,-41,-19,44,20806,20252,5118,29796,146424,146425,146427,146428,0,0,0,0
1788787863.471925,18,-32,-24,41,21207,19336,4637,30783,146454,146455,146457,146458,0,0,0,0
1788787863.5116513,26,-39,-20,43,21827,18388,4153,31776,146484,146485,146487,146488,0,0,0,0
1788787863.527666,23,-31,-22,33,22379,17336,3560,45,146514,146515,146517,146518,0,0,0,0
1788787863.5872169,20,-39,-14,36,22916,16352,3035,1120,146544,146545,146547,146548,0,0,0,0
1788787863.653309,16,-35,-17,36,23444,15221,2538,2204,146574,146575,146577,146578,0,0,0,0
1788787863.737659,22,-41,-18,44,23975,14209,2043,3281,146604,146605,146607,146608,0,0,0,0
1788787863.762394,19,-37,-18,39,24458,13160,1499,4299,146634,146635,146637,146638,0,0,0,0
1788787863.8366768,18,-34,-22,32,24979,12281,1060,5213,146664,146665,146667,146668,0,0,0,0
1788787863.8520322,18,-35,-23,39,25476,11275,611,6082,146694,146695,146697,146698,0,0,0,0
1788787863.8879144,22,-32,-20,26,25942,10300,110,7144,146724,146725,146727,146728,0,0,0,0
1788787863.948109,17,-36,-21,30,26548,9318,32299,8095,146754,146755,146757,146758,0,0,0,0
1788787864.0287912,18,-36,-21,32,27098,8337,31708,9096,146784,146785,146787,146788,0,0,0,0
1788787864.076157,16,-43,-15,37,27680,7309,31219,10035,146814,146815,146817,146818,0,0,0,0
1788787864.0922327,18,-39,-22,46,28153,6290,30714,11002,146844,146845,146847,146848,0,0,0,0
1788787864.1569483,19,-50,-23,40,28688,5267,30169,12063,146874,146875,146877,146878,0,0,0,0
1788787864.189088,16,-41,-25,44,29226,4170,29600,13170,146904,146905,146907,146908,0,0,0,0
1788787864.2694507,14,-42,-14,45,29765,3075,29104,14258,146934,146935,146937,146938,0,0,0,0
1788787864.2821038,11,-32,-24,39,30302,2026,28602,15330,146964,146965,146967,146968,0,0,0,0
1788787864.3463306,20,-34,-21,31,30766,881,28060,16390,146994,146995,146997,146998,0,0,0,0
1788787864.4394307,19,-36,-17,35,31273,32648,27516,17386,147024,147025,147027,147028,0,0,0,0
1788787864.4394307,22,-44,-13,27,31810,31559,27026,18541,147054,147055,147057,147058,0,0,0,0
1788787864.5377972,19,-33,-15,38,32348,30592,26591,19547,147084,147085,147087,147088,0,0,0,0
1788787864.5519197,21,-42,-19,36,554,28506,25609,21531,147144,147145,147147,147148,0,0,0,0
1788787864.6634593,20,-34,-22,47,1049,27502,25050,22517,147174,147175,147177,147178,0,0,0,0
1788787864.711963,24,-35,-21,33,1565,26453,24522,23587,147204,147205,147207,147208,0,0,0,0
1788787864.7716503,15,-44,-21,35,2072,25383,24065,24632,147234,147235,147237,147238,0,0,0,0
1788787864.8195543,17,-39,-27,31,3102,23109,23104,26837,147294,147295,147297,147298,0,0,0,0
1788787864.8917348,13,-29,-20,37,3518,22013,22504,27957,147324,147325,147327,147328,0,0,0,0
1788787864.934928,20,-34,-13,31,4104,21082,22005,28951,147354,147355,147357,147358,0,0,0,0
1788787864.951078,20,-38,-14,43,4626,20009,21514,29947,147384,147385,147387,147388,0,0,0,0
1788787864.999754,22,-32,-16,34,5142,19051,21042,30969,147414,147415,147417,147418,0,0,0,0
1788787865.1116557,10,-46,-20,44,5647,18032,20568,31986,147444,147445,147447,147448,0,0,0,0
1788787865.1274385,15,-39,-23,41,6108,17001,20014,290,147474,147475,147477,147478,0,0,0,0
1788787865.183049,21,-41,-22,38,6627,15953,19476,1283,147504,147505,147507,147508,0,0,0,0
1788787865.1982195,9,-32,-19,39,7171,14819,18927,2350,147534,147535,147537,147538,0,0,0,0
1788787865.26461,22,-34,-19,33,7734,13788,18439,3465,147564,147565,147567,147568,0,0,0,0
1788787865.3129907,15,-31,-19,34,8275,12689,17929,4560,147594,147595,147597,147598,0,0,0,0
1788787865.3933296,11,-39,-22,24,8814,11681,17444,5550,147624,147625,147627,147628,0,0,0,0
1788787865.452299,7,-31,-23,38,9264,10626,16952,6641,147654,147655,147657,147658,0,0,0,0
1788787865.504647,22,-39,-20,45,9740,9613,16428,7652,147684,147685,147687,147688,0,0,0,0
1788787865.5094118,19,-45,-23,43,10299,8599,15915,8641,147714,147715,147717,147718,0,0,0,0
1788787865.5728843,25,-43,-21,37,10861,7559,15375,9667,147744,147745,147747,147748,0,0,0,0
1788787865.6960497,16,-42,-22,44,11363,6431,14859,10666,147774,147775,147777,147778,0,0,0,0
1788787865.7547305,16,-33,-24,44,11803,5431,14382,11800,147804,147805,147807,147808,0,0,0,0
1788787865.7547305,13,-38,-20,42,12842,3199,13385,13900,147864,147865,147867,147868,0,0,0,0
1788787865.8322222,19,-33,-19,34,13371,2184,12888,15020,147894,147895,147897,147898,0,0,0,0
1788787865.8803806,16,-34,-15,36,13876,1136,12402,16088,147924,147925,147927,147928,0,0,0,0
1788787865.9448812,14,-35,-17,34,14355,110,11862,17070,147954,147955,147957,147958,0,0,0,0
1788787866.00745,20,-46,-18,41,14894,31839,11353,18117,147984,147985,147987,147988,0,0,0,0
1788787866.0849087,20,-49,-19,42,15889,29848,10346,20123,148044,148045,148047,148048,0,0,0,0
1788787866.1273158,19,-39,-25,40,16339,28696,9835,21182,148074,148075,148077,148078,0,0,0,0
1788787866.1901069,16,-38,-21,32,16877,27638,9296,22230,148104,148105,148107,148108,0,0,0,0
1788787866.2817674,21,-39,-16,38,17825,25555,8285,24434,148164,148165,148167,148168,0,0,0,0
1788787866.373315,18,-38,-17,29,18355,24470,7827,25538,148194,148195,148197,148198,0,0,0,0
1788787866.4105966,19,-33,-24,33,18838,23400,7347,26569,148224,148225,148227,148228,0,0,0,0
1788787866.4907413,21,-41,-16,34,19843,21420,6320,28615,148284,148285,148287,148288,0,0,0,0
1788787866.552976,19,-45,-21,47,20374,20355,5807,29624,148314,148315,148317,148318,0,0,0,0
1788787866.6077259,17,-40,-17,44,20866,19346,5314,30706,148344,148345,148347,148348,0,0,0,0
1788787866.6396828,17,-38,-20,40,21365,18327,4852,31740,148374,148375,148377,148378,0,0,0,0
1788787866.7110462,16,-33,-17,38,21899,17241,4367,38,148404,148405,148407,148408,0,0,0,0
1788787866.7828636,17,-29,-21,30,22406,16242,3814,1064,148434,148435,148437,148438,0,0,0,0
1788787866.79644,20,-36,-18,33,22910,15103,3315,2077,148464,148465,148467,148468,0,0,0,0
1788787866.8441489,18,-37,-16,41,23369,14061,2834,3240,148494,148495,148497,148498,0,0,0,0
1788787866.9548793,17,-43,-21,34,24388,11945,1893,5326,148554,148555,148557,148558,0,0,0,0
1788787867.0190206,20,-43,-20,39,24882,10920,1390,6391,148584,148585,148587,148588,0,0,0,0
1788787867.0764067,16,-44,11,36,25358,9929,926,7350,148614,148615,148617,148618,0,0,0,0
1788787867.1374102,19,-37,-17,36,25821,8840,424,8358,148644,148645,148647,148648,0,0,0,0
1788787867.1531405,18,-35,-12,30,26333,7787,32700,9386,148674,148675,148677,148678,0,0,0,0
1788787867.201102,20,-33,-23,33,26821,6671,32193,10451,148704,148705,148707,148708,0,0,0,0
1788787867.2619789,21,-35,-21,42,27384,5657,31665,11594,148734,148735,148737,148738,0,0,0,0
1788787867.3965282,7,-35,-19,39,28887,2474,30219,14672,148824,148825,148827,148828,0,0,0,0
1788787867.4128933,16,-45,-22,43,29396,1422,29661,15730,148854,148855,148857,148858,0,0,0,0
1788787867.447077,19,-41,-18,38,29984,391,29130,16815,148884,148885,148887,148888,0,0,0,0
1788787867.511075,15,-48,-18,46,30477,32064,28649,17816,148914,148915,148917,148918,0,0,0,0
1788787867.5433803,20,-35,-14,38,30996,31027,28122,18855,148944,148945,148947,148948,0,0,0,0
1788787867.6815114,12,-40,-20,39,31481,30049,27607,19914,148974,148975,148977,148978,0,0,0,0
1788787867.6903553,19,-41,-24,37,32026,28896,27016,21003,149004,149005,149007,149008,0,0,0,0
1788787867.740149,17,-34,-18,37,32523,27864,26552,22053,149034,149035,149037,149038,0,0,0,0
1788787867.7497861,21,-36,-18,34,229,26786,26100,23177,149064,149065,149067,149068,0,0,0,0
1788787867.8024423,18,-33,-15,37,785,25843,25608,24158,149094,149095,149097,149098,0,0,0,0
1788787867.8613746,19,-27,-6,42,1287,24918,25111,25178,149124,149125,149127,149128,0,0,0,0
1788787867.9931393,19,-48,-23,44,2244,22741,24151,27103,149184,149185,149187,149188,0,0,0,0
1788787868.0047426,25,-41,-20,40,2757,21691,23634,28253,149214,149215,149217,149218,0,0,0,0
1788787868.068533,23,-36,-20,38,3249,20551,23117,29307,149244,149245,149247,149248,0,0,0,0
1788787868.131669,22,-34,-21,38,3733,19458,22582,30432,149274,149275,149277,149278,0,0,0,0
1788787868.1902099,20,-36,-14,28,4297,18420,22045,31458,149304,149305,149307,149308,0,0,0,0
1788787868.2316427,24,-33,-16,37,4861,17353,21556,32592,149334,149335,149337,149338,0,0,0,0
1788787868.3110611,20,-28,-16,29,5410,16332,21054,903,149364,149365,149367,149368,0,0,0,0
1788787868.3269455,12,-40,-20,39,5854,15214,20530,1903,149394,149395,149397,149398,0,0,0,0
1788787868.3923652,26,-38,-15,49,6368,14227,19990,2951,149424,149425,149427,149428,0,0,0,0
1788787868.4523356,19,-46,-20,40,6893,13168,19506,4012,149454,149455,149457,149458,0,0,0,0
1788787868.5056763,22,-37,-18,33,7459,12200,18996,5027,149484,149485,149487,149488,0,0,0,0
1788787868.5559819,14,-38,-19,40,7993,11119,18474,5944,149514,149515,149517,149518,0,0,0,0
1788787868.5559819,23,-45,-15,35,8547,10126,17869,7042,149544,149545,149547,149548,0,0,0,0
1788787868.6325183,23,-35,-20,34,9131,9080,17326,8081,149574,149575,149577,149578,0,0,0,0
1788787868.761231,19,-41,-28,41,10666,5850,15833,11259,149664,149665,149667,149668,0,0,0,0
1788787868.8227043,18,-41,-18,36,11190,4743,15296,12313,149694,149695,149697,149698,0,0,0,0
1788787868.8926337,17,-37,-16,42,11617,3683,14828,13308,149724,149725,149727,149728,0,0,0,0
1788787868.9501166,21,-37,-19,44,12135,2682,14317,14369,149754,149755,149757,149758,0,0,0,0
1788787868.9659708,21,-41,-22,42,12673,1636,13809,15397,149784,149785,149787,149788,0,0,0,0
1788787869.0539987,21,-40,-22,34,13172,583,13287,16464,149814,149815,149817,149818,0,0,0,0
1788787869.0613067,26,-40,-13,35,13722,32371,12794,17446,149844,149845,149847,149848,0,0,0,0
1788787869.1929088,18,-34,-17,33,14231,31273,12273,18542,149874,149875,149877,149878,0,0,0,0
1788787869.2065065,21,-30,-26,37,14772,30322,11746,19567,149904,149905,149907,149908,0,0,0,0
1788787869.2397978,19,-43,-16,35,15241,29151,11237,20711,149934,149935,149937,149938,0,0,0,0
1788787869.367048,20,-42,-13,43,16176,26954,10271,22871,149994,149995,149997,149998,0,0,0,0
1788787869.3916838,25,-39,-23,41,16740,25978,9738,23892,150024,150025,150027,150028,0,0,0,0
1788787869.4187722,15,-44,-24,42,17264,24925,9182,24861,150054,150055,150057,150058,0,0,0,0
1788787869.4815302,17,-38,-18,37,17717,23893,8641,25899,150084,150085,150087,150088,0,0,0,0
1788787869.5662577,21,-43,-20,43,18266,22845,8164,26985,150114,150115,150117,150118,0,0,0,0
1788787869.6184008,17,-36,-20,40,18732,21827,7730,28129,150144,150145,150147,150148,0,0,0,0
1788787869.6301048,19,-44,-20,29,19289,20829,7191,29105,150174,150175,150177,150178,0,0,0,0
1788787869.7218223,13,-33,-21,37,19780,19702,6671,30128,150204,150205,150207,150208,0,0,0,0
1788787869.7310743,20,-35,-17,40,20332,18703,6137,31142,150234,150235,150237,150238,0,0,0,0
1788787869.7779915,13,-35,-21,46,20865,17639,5648,32172,150264,150265,150267,150268,0,0,0,0
1788787869.8843598,21,-33,-20,53,21337,16626,5144,581,150294,150295,150297,150298,0,0,0,0
1788787869.8923829,19,-43,-19,42,21895,15532,4643,1589,150324,150325,150327,150328,0,0,0,0
1788787869.9517975,15,-42,-20,46,22411,14518,4149,2619,150354,150355,150357,150358,0,0,0,0
1788787869.999396,17,-44,-14,37,22894,13463,3598,3641,150384,150385,150387,150388,0,0,0,0
1788787870.1105745,16,-34,-16,32,23361,12352,3111,4681,150414,150415,150417,150418,0,0,0,0
1788787870.1105745,25,-36,-14,34,23906,11332,2596,5661,150444,150445,150447,150448,0,0,0,0
1788787870.2134228,21,-32,-20,40,24989,9257,1497,7844,150504,150505,150507,150508,0,0,0,0
1788787870.2234519,16,-36,-23,39,25564,8226,985,8875,150534,150535,150537,150538,0,0,0,0
1788787870.2635348,20,-33,-24,33,26087,7084,475,9873,150564,150565,150567,150568,0,0,0,0
1788787870.3276265,16,-41,-20,41,26602,6038,32722,10883,150594,150595,150597,150598,0,0,0,0
1788787870.343851,22,-48,-22,42,27082,4957,32191,12002,150624,150625,150627,150628,0,0,0,0
1788787870.4080563,21,-42,-17,36,27664,3915,31624,13004,150654,150655,150657,150658,0,0,0,0
1788787870.4960635,17,-41,-11,39,28118,2879,31204,14100,150684,150685,150687,150688,0,0,0,0
1788787870.5006154,18,-45,-21,33,28648,1851,30743,15166,150714,150715,150717,150718,0,0,0,0
1788787870.6287053,17,-36,-20,33,29148,775,30238,16257,150744,150745,150747,150748,0,0,0,0
1788787870.6501024,19,-33,-24,34,29690,32553,29672,17247,150774,150775,150777,150778,0,0,0,0
1788787870.7119622,15,-31,-20,33,30267,31444,29145,18379,150804,150805,150807,150808,0,0,0,0
1788787870.7570152,26,-34,-19,32,30773,30509,28669,19352,150834,150835,150837,150838,0,0,0,0
1788787870.7587695,20,-45,-24,42,31298,29419,28136,20375,150864,150865,150867,150868,0,0,0,0
1788787870.8717551,24,-44,-26,39,31819,28303,27561,21378,150894,150895,150897,150898,0,0,0,0
1788787870.8831186,19,-44,-24,44,32386,27296,27030,22451,150924,150925,150927,150928,0,0,0,0
1788787870.9309363,17,-42,-16,39,73,26258,26558,23553,150954,150955,150957,150958,0,0,0,0
1788787870.9625661,26,-43,-15,36,626,25256,26072,24593,150984,150985,150987,150988,0,0,0,0
1788787871.0596302,13,-37,-20,34,1075,24150,25577,25673,151014,151015,151017,151018,0,0,0,0
1788787871.0596302,23,-43,-23,35,1574,23083,25026,26683,151044,151045,151047,151048,0,0,0,0
1788787871.124038,18,-31,-21,35,2099,21999,24467,27813,151074,151075,151077,151078,0,0,0,0
1788787871.246186,25,-31,-23,36,2621,21002,23972,28845,151104,151105,151107,151108,0,0,0,0
1788787871.246186,21,-38,-17,43,3199,19911,23480,29893,151134,151135,151137,151138,0,0,0,0
1788787871.2731416,16,-37,-22,38,3674,18902,22990,30922,151164,151165,151167,151168,0,0,0,0
1788787871.368981,16,-42,-17,56,4750,16843,21945,293,151224,151225,151227,151228,0,0,0,0
1788787871.431217,17,-33,-20,34,5267,15818,21447,1326,151254,151255,151257,151258,0,0,0,0
1788787871.477089,15,-35,-19,37,5741,14743,20946,2381,151284,151285,151287,151288,0,0,0,0
1788787871.5406153,19,-36,-15,30,6189,13671,20446,3447,151314,151315,151317,151318,0,0,0,0
1788787871.6041436,15,-35,-14,31,6726,12588,19954,4509,151344,151345,151347,151348,0,0,0,0
1788787871.6200008,20,-38,-19,30,7224,11599,19488,5491,151374,151375,151377,151378,0,0,0,0
1788787871.68348,16,-32,-20,36,7747,10555,18979,6670,151404,151405,151407,151408,0,0,0,0
1788787871.7698321,18,-40,-24,28,8269,9540,18463,7692,151434,151435,151437,151438,0,0,0,0
1788787871.7855737,16,-42,-22,38,8797,8457,17895,8672,151464,151465,151467,151468,0,0,0,0
1788787871.850599,17,-47,-15,39,9247,7398,17428,9647,151494,151495,151497,151498,0,0,0,0
1788787871.8854375,17,-42,-13,41,9721,6403,17017,10702,151524,151525,151527,151528,0,0,0,0
1788787871.9680169,12,-26,-11,34,10211,5389,16501,11836,151554,151555,151557,151558,0,0,0,0
1788787871.982197,20,-40,-17,37,10692,4302,16021,12909,151584,151585,151587,151588,0,0,0,0
1788787872.030709,23,-39,-16,41,11220,3164,15511,13951,151614,151615,151617,151618,0,0,0,0
1788787872.086272,17,-29,-15,32,11614,2162,15027,14991,151644,151645,151647,151648,0,0,0,0
1788787872.1496518,22,-33,-20,38,12142,1112,14533,16078,151674,151675,151677,151678,0,0,0,0
1788787872.20122,15,-36,-16,31,12690,120,14026,17083,151704,151705,151707,151708,0,0,0,0
1788787872.272459,21,-49,-17,42,13199,31825,13511,18186,151734,151735,151737,151738,0,0,0,0
1788787872.3174531,19,-36,-16,35,13757,30807,12987,19209,151764,151765,151767,151768,0,0,0,0
1788787872.3802018,11,-37,-19,32,14835,28832,11921,21146,151824,151825,151827,151828,0,0,0,0
1788787872.4278045,14,-31,-26,32,15343,27870,11409,22122,151854,151855,151857,151858,0,0,0,0
1788787872.5022643,18,-45,-21,31,15838,26864,10826,23149,151884,151885,151887,151888,0,0,0,0
1788787872.5022643,9,-35,-16,34,16334,25938,10403,24126,151914,151915,151917,151918,0,0,0,0
1788787872.5646527,16,-34,-25,39,16838,24910,9915,25140,151944,151945,151947,151948,0,0,0,0
1788787872.628302,20,-51,-13,39,17335,23903,9373,26111,151974,151975,151977,151978,0,0,0,0
1788787872.684036,21,-46,-23,41,17841,22885,8880,27147,152004,152005,152007,152008,0,0,0,0
1788787872.7668498,22,-36,-16,32,18843,20910,7862,29161,152064,152065,152067,152068,0,0,0,0
1788787872.8029609,23,-36,-19,28,19433,19875,7350,30163,152094,152095,152097,152098,0,0,0,0
1788787872.8767774,13,-34,-16,32,19882,18983,6840,31118,152124,152125,152127,152128,0,0,0,0
1788787872.9807806,16,-46,-22,44,20420,17998,6342,32049,152154,152155,152157,152158,0,0,0,0
1788787872.9807806,15,-34,-20,49,20892,17012,5803,294,152184,152185,152187,152188,0,0,0,0
1788787873.0436232,19,-39,-22,32,21358,16021,5314,1279,152214,152215,152217,152218,0,0,0,0
1788787873.1069846,21,-28,-23,35,21973,14940,4784,2343,152244,152245,152247,152248,0,0,0,0
1788787873.125075,19,-36,-21,33,22524,13953,4283,3407,152274,152275,152277,152278,0,0,0,0
1788787873.1711512,15,-38,-17,29,23055,12936,3721,4404,152304,152305,152307,152308,0,0,0,0
1788787873.2765994,20,-32,-14,35,23544,12089,3306,5338,152334,152335,152337,152338,0,0,0,0
1788787873.2765994,16,-37,-21,42,24056,11152,2859,6235,152364,152365,152367,152368,0,0,0,0
1788787873.348748,16,-31,-23,28,24438,10245,2339,7082,152394,152395,152397,152398,0,0,0,0
1788787873.407824,23,-25,-24,27,24950,9330,1830,7979,152424,152425,152427,152428,0,0,0,0
1788787873.455664,16,-31,-19,30,25504,8432,1278,8868,152454,152455,152457,152458,0,0,0,0
1788787873.4714694,19,-46,-12,32,25973,7478,823,9763,152484,152485,152487,152488,0,0,0,0
1788787873.5232246,24,-38,-20,41,26513,6441,286,10729,152514,152515,152517,152518,0,0,0,0
1788787873.5830355,19,-38,-18,30,26954,5453,32505,11760,152544,152545,152547,152548,0,0,0,0
1788787873.6465793,12,-27,-20,30,27555,4448,32024,12749,152574,152575,152577,152578,0,0,0,0
1788787873.7208068,20,-30,-15,29,28485,2630,31202,14688,152634,152635,152637,152638,0,0,0,0
1788787873.7595146,15,-45,-15,40,28970,1709,30718,15575,152664,152665,152667,152668,0,0,0,0
1788787873.8456254,20,-26,-18,30,29426,777,30195,16453,152694,152695,152697,152698,0,0,0,0
1788787873.9263458,16,-29,-20,31,30007,32693,29623,17308,152724,152725,152727,152728,0,0,0,0
1788787873.9273536,14,-44,-18,30,30526,31775,29142,18319,152754,152755,152757,152758,0,0,0,0
1788787874.0261555,17,-26,-8,33,31008,30935,28736,19134,152784,152785,152787,152788,0,0,0,0
1788787874.0419507,8,-33,-18,32,31394,30087,28328,19978,152814,152815,152817,152818,0,0,0,0
1788787874.097701,9,-33,-15,31,31729,29047,27873,20882,152844,152845,152847,152848,0,0,0,0
1788787874.1816494,18,-36,-18,34,32261,28143,27366,21780,152874,152875,152877,152878,0,0,0,0
1788787874.1922617,16,-41,-22,36,32760,27334,26867,22740,152904,152905,152907,152908,0,0,0,0
1788787874.2732425,22,-32,-19,33,555,26475,26418,23617,152934,152935,152937,152938,0,0,0,0
1788787874.2904928,10,-26,-19,28,1028,25596,25893,24439,152964,152965,152967,152968,0,0,0,0
1788787874.3945725,8,-39,-19,28,1431,24693,25413,25295,152994,152995,152997,152998,0,0,0,0
1788787874.410421,20,-31,-15,38,1937,23851,24904,26150,153024,153025,153027,153028,0,0,0,0
1788787874.451547,21,-31,-22,31,2466,23063,24412,26991,153054,153055,153057,153058,0,0,0,0
1788787874.508673,17,-27,-24,18,3048,22179,23871,27894,153084,153085,153087,153088,0,0,0,0
1788787874.6093605,15,-30,-10,32,3540,21479,23371,28656,153114,153115,153117,153118,0,0,0,0
1788787874.6253965,14,-33,-17,26,4567,19804,22482,30243,153174,153175,153177,153178,0,0,0,0
1788787874.688766,-124,-152,-123,-116,3725,18023,21096,29447,153204,153205,153207,153208,0,0,0,0
1788787874.7446709,-73,-110,-97,-54,271,14378,17778,26612,153234,153235,153237,153238,0,0,0,0
1788787874.7928364,-66,-90,-90,-86,31149,12005,15416,24858,153264,153265,153267,153268,0,0,0,0
1788787874.8570933,-68,-94,-90,-100,29044,9590,13049,22506,153294,153295,153297,153298,0,0,0,0
1788787874.8570933,-81,-93,-70,-89,26594,7390,10525,19758,153324,153325,153327,153328,0,0,0,0
1788787874.9208608,-117,-85,-79,-94,23885,5231,8188,16964,153354,153355,153357,153358,0,0,0,0
1788787875.048445,-86,-81,-86,-95,21074,2944,5973,14005,153384,153385,153387,153388,0,0,0,0
1788787875.0641706,-104,-99,-86,-82,18319,539,3541,11393,153414,153415,153417,153418,0,0,0,0
1788787875.1213772,-25,-50,-54,-18,15983,30881,1365,9248,153444,153445,153447,153448,0,0,0,0
1788787875.1264179,67,-13,-12,55,17340,30795,864,10863,153474,153475,153477,153478,0,0,0,0
1788787875.1914816,2,-35,-45,-5,17659,30120,194,10937,153504,153505,153507,153508,0,0,0,0
1788787875.263607,9,-34,-44,6,17875,29069,31721,11030,153534,153535,153537,153538,0,0,0,0
1788787875.2912776,21,-19,-45,23,18383,28121,30541,11359,153564,153565,153567,153568,0,0,0,0
1788787875.3705301,26,-33,-35,25,19038,27228,29337,11884,153594,153595,153597,153598,0,0,0,0
1788787875.3866913,23,-28,-26,18,19753,26346,28475,12547,153624,153625,153627,153628,0,0,0,0
1788787875.4525054,19,-28,-31,20,20375,25609,27649,13068,153654,153655,153657,153658,0,0,0,0
1788787875.513508,14,-31,-23,21,20878,24834,26904,13650,153684,153685,153687,153688,0,0,0,0
1788787875.56357,14,-16,-16,14,21280,24256,26389,14081,153714,153715,153717,153718,0,0,0,0
1788787875.626307,13,-18,-21,18,21739,23717,25920,14583,153744,153745,153747,153748,0,0,0,0
1788787875.626307,15,-22,-21,14,22192,23156,25433,15033,153774,153775,153777,153778,0,0,0,0
1788787875.6895783,19,-27,-23,27,22632,22387,24722,15591,153804,153805,153807,153808,0,0,0,0
1788787875.7444277,23,-28,-25,24,23203,21717,24090,16319,153834,153835,153837,153838,0,0,0,0
1788787875.8083677,26,-28,-27,25,23854,20952,23419,17062,153864,153865,153867,153868,0,0,0,0
1788787875.91464,22,-30,-29,32,24551,20105,22695,17794,153894,153895,153897,153898,0,0,0,0
1788787875.9686055,28,-27,-23,27,25232,19362,21992,18607,153924,153925,153927,153928,0,0,0,0
1788787875.9845653,25,-28,-15,32,25834,18669,21424,19339,153954,153955,153957,153958,0,0,0,0
1788787875.9845653,17,-29,-15,20,26295,17957,20982,20009,153984,153985,153987,153988,0,0,0,0
1788787876.042828,12,-16,-20,28,26671,17260,20611,20756,154014,154015,154017,154018,0,0,0,0
1788787876.1055598,10,-28,-13,29,27007,16596,20285,21435,154044,154045,154047,154048,0,0,0,0
1788787876.1529477,13,-37,-12,27,27380,15760,19881,22156,154074,154075,154077,154078,0,0,0,0
1788787876.2174635,16,-27,-14,36,27764,14930,19419,23014,154104,154105,154107,154108,0,0,0,0
1788787876.2623293,23,-30,-14,33,28225,14141,18972,23872,154134,154135,154137,154138,0,0,0,0
1788787876.2942154,24,-37,-14,35,28790,13307,18509,24747,154164,154165,154167,154168,0,0,0,0
1788787876.3900874,20,-32,-28,26,29303,12421,17905,25600,154194,154195,154197,154198,0,0,0,0
1788787876.4058,23,-26,-15,29,29924,11625,17346,26365,154224,154225,154227,154228,0,0,0,0
1788787876.466223,15,-27,-21,28,30411,10867,16797,27063,154254,154255,154257,154258,0,0,0,0
1788787876.5293515,19,-27,-18,26,30807,10163,16295,27903,154284,154285,154287,154288,0,0,0,0
1788787876.570406,20,-21,-18,23,31305,9464,15824,28572,154314,154315,154317,154318,0,0,0,0
1788787876.6317086,26,-26,-19,32,31844,8781,15356,29290,154344,154345,154347,154348,0,0,0,0
1788787876.6791918,22,-24,-15,32,32379,7914,14927,30180,154374,154375,154377,154378,0,0,0,0
1788787876.711644,9,-31,-17,32,38,7031,14474,31025,154404,154405,154407,154408,0,0,0,0
1788787876.7509687,16,-45,-21,27,458,6263,13972,31733,154434,154435,154437,154438,0,0,0,0
1788787876.7975984,17,-30,-12,28,1376,4610,13066,807,154494,154495,154497,154498,0,0,0,0
1788787876.8453426,21,-33,-20,29,1884,3849,12620,1500,154524,154525,154527,154528,0,0,0,0
1788787876.9248958,15,-25,-22,31,2365,3095,12125,2282,154554,154555,154557,154558,0,0,0,0
1788787877.0019825,17,-35,-22,28,3306,1627,11049,3723,154614,154615,154617,154618,0,0,0,0
1788787877.0475433,22,-22,-19,22,3792,875,10545,4552,154644,154645,154647,154648,0,0,0,0
1788787877.1050224,21,-22,-13,32,4353,131,10169,5355,154674,154675,154677,154678,0,0,0,0
1788787877.151747,14,-31,-22,40,4831,32076,9680,6204,154704,154705,154707,154708,0,0,0,0
1788787877.232211,14,-27,-21,24,5328,31211,9113,7021,154734,154735,154737,154738,0,0,0,0
1788787877.2855887,11,-29,-17,21,5757,30490,8607,7836,154764,154765,154767,154768,0,0,0,0
1788787877.3062172,19,-33,-11,31,6155,29716,8138,8576,154794,154795,154797,154798,0,0,0,0
1788787877.4052253,16,-29,-20,23,7222,28058,7327,10294,154854,154855,154857,154858,0,0,0,0
1788787877.525878,17,-34,-20,35,7750,27264,6743,11117,154884,154885,154887,154888,0,0,0,0
1788787877.5932915,18,-28,-21,29,8277,26462,6180,11945,154914,154915,154917,154918,0,0,0,0
1788787877.6716776,23,-26,-19,21,8774,25655,5630,12685,154944,154945,154947,154948,0,0,0,0
1788787877.6716776,19,-30,-15,45,9639,23824,4717,14480,155004,155005,155007,155008,0,0,0,0
1788787877.7327366,20,-21,-20,36,10191,23023,4269,15440,155034,155035,155037,155038,0,0,0,0
1788787877.78382,21,-26,-23,24,10718,22139,3671,16329,155064,155065,155067,155068,0,0,0,0
1788787877.8416376,19,-33,-16,25,11207,21344,3158,17076,155094,155095,155097,155098,0,0,0,0
1788787877.857347,11,-26,-18,29,11640,20591,2696,17808,155124,155125,155127,155128,0,0,0,0
1788787877.9453566,32,-24,-19,23,12140,19736,2231,18630,155154,155155,155157,155158,0,0,0,0
1788787877.9591982,22,-35,-20,33,12673,18986,1755,19459,155184,155185,155187,155188,0,0,0,0
1788787878.0216615,18,-28,-15,34,13238,18235,1249,20375,155214,155215,155217,155218,0,0,0,0
1788787878.0694113,23,-31,-22,24,13820,17354,726,21196,155244,155245,155247,155248,0,0,0,0
1788787878.1491563,24,-33,-16,29,14403,16494,111,22043,155274,155275,155277,155278,0,0,0,0
1788787878.2190068,12,-28,-14,39,15525,14654,31629,23706,155334,155335,155337,155338,0,0,0,0
1788787878.2815135,17,-24,-7,32,16047,13849,31331,24553,155364,155365,155367,155368,0,0,0,0
1788787878.3293803,17,-34,-14,26,16448,12956,31019,25473,155394,155395,155397,155398,0,0,0,0
1788787878.4046388,16,-29,-24,22,16892,12188,30513,26115,155424,155425,155427,155428,0,0,0,0
1788787878.4531937,20,-29,-22,26,17405,11345,29953,26824,155454,155455,155457,155458,0,0,0,0
1788787878.520862,17,-31,-23,21,17917,10478,29289,27786,155484,155485,155487,155488,0,0,0,0
1788787878.520862,20,-34,-23,32,18428,9631,28736,28561,155514,155515,155517,155518,0,0,0,0
1788787878.6397436,27,-30,-19,34,19042,8860,28187,29400,155544,155545,155547,155548,0,0,0,0
1788787878.6397436,18,-36,-27,35,19586,7885,27594,30358,155574,155575,155577,155578,0,0,0,0
1788787878.6910956,21,-28,-22,31,20054,6893,26998,31247,155604,155605,155607,155608,0,0,0,0
1788787878.751974,17,-34,-18,38,20647,6009,26535,32204,155634,155635,155637,155638,0,0,0,0
1788787878.7996154,16,-42,-13,36,21055,5088,26073,371,155664,155665,155667,155668,0,0,0,0
1788787878.8617465,25,-32,-17,33,21581,4210,25629,1254,155694,155695,155697,155698,0,0,0,0
1788787878.91071,16,-23,-23,30,22144,3296,25124,2141,155724,155725,155727,155728,0,0,0,0
1788787878.9244418,17,-30,-17,34,22631,2469,24596,3033,155754,155755,155757,155758,0,0,0,0
1788787878.988392,18,-39,-15,35,23072,1587,24121,3900,155784,155785,155787,155788,0,0,0,0
1788787879.0521193,16,-32,-14,34,23517,732,23664,4798,155814,155815,155817,155818,0,0,0,0
1788787879.1048777,19,-35,-18,28,24642,31595,22675,6721,155874,155875,155877,155878,0,0,0,0
1788787879.1679566,26,-33,-20,34,25160,30760,22137,7531,155904,155905,155907,155908,0,0,0,0
1788787879.2251039,16,-35,-18,33,25571,29904,21600,8319,155934,155935,155937,155938,0,0,0,0
1788787879.2848606,19,-32,-19,31,26045,28943,21158,9280,155964,155965,155967,155968,0,0,0,0
1788787879.32214,16,-32,-20,24,26624,28062,20764,10219,155994,155995,155997,155998,0,0,0,0
1788787879.402731,12,-37,-23,35,27112,27228,20249,11120,156024,156025,156027,156028,0,0,0,0
1788787879.4037328,16,-26,-25,33,27693,26381,19769,11987,156054,156055,156057,156058,0,0,0,0
1788787879.4721358,16,-30,-23,25,28122,25552,19244,12764,156084,156085,156087,156088,0,0,0,0
1788787879.5075355,20,-37,-16,24,28653,24575,18727,13687,156114,156115,156117,156118,0,0,0,0
1788787879.5881362,9,-35,-23,33,29145,23592,18270,14729,156144,156145,156147,156148,0,0,0,0
1788787879.6372027,19,-39,-21,36,29690,22707,17664,15580,156174,156175,156177,156178,0,0,0,0
1788787879.6513093,13,-22,-15,31,30238,21858,17173,16451,156204,156205,156207,156208,0,0,0,0
1788787879.709522,14,-29,-11,26,30689,21023,16667,17259,156234,156235,156237,156238,0,0,0,0
1788787879.764535,17,-38,-13,37,31190,20150,16276,18184,156264,156265,156267,156268,0,0,0,0
1788787879.8276734,10,-30,-20,34,31582,19296,15824,18966,156294,156295,156297,156298,0,0,0,0
1788787879.8908854,16,-38,-19,26,32064,18374,15317,19849,156324,156325,156327,156328,0,0,0,0
1788787879.9244633,13,-35,-23,31,32556,17424,14844,20784,156354,156355,156357,156358,0,0,0,0
1788787880.0080938,15,-44,-23,36,853,15706,13798,22577,156414,156415,156417,156418,0,0,0,0
1788787880.073227,22,-36,15,31,1271,14717,13218,23439,156444,156445,156447,156448,0,0,0,0
1788787880.1112857,17,-32,-18,33,1825,13840,12772,24388,156474,156475,156477,156478,0,0,0,0
1788787880.1781583,13,-35,-16,33,2278,12870,12386,25409,156504,156505,156507,156508,0,0,0,0
1788787880.228545,21,-30,-19,34,2825,12116,11929,26275,156534,156535,156537,156538,0,0,0,0
1788787880.3277686,10,-38,-23,39,3314,11236,11424,27114,156564,156565,156567,156568,0,0,0,0
1788787880.3277686,18,-31,-19,35,3737,10277,10880,28077,156594,156595,156597,156598,0,0,0,0
1788787880.4108713,21,-30,-13,23,4308,9344,10441,29023,156624,156625,156627,156628,0,0,0,0
1788787880.4430306,18,-37,-18,38,4782,8371,9992,30007,156654,156655,156657,156658,0,0,0,0
1788787880.4588592,17,-36,-24,33,5296,7370,9453,30985,156684,156685,156687,156688,0,0,0,0
1788787880.537905,16,-31,-23,40,5748,6381,8852,31826,156714,156715,156717,156718,0,0,0,0
1788787880.5855618,21,-35,-19,35,6229,5453,8312,69,156744,156745,156747,156748,0,0,0,0
1788787880.6601648,20,-33,-16,29,6796,4445,7874,1055,156774,156775,156777,156778,0,0,0,0
1788787880.6601648,18,-31,-17,32,7310,3525,7400,2011,156804,156805,156807,156808,0,0,0,0
1788787880.7301834,19,-40,-15,35,7851,2626,6942,2976,156834,156835,156837,156838,0,0,0,0
1788787880.8204572,20,-40,-22,30,8355,1720,6425,3921,156864,156865,156867,156868,0,0,0,0
1788787880.8271337,18,-30,-21,30,8907,771,5811,4745,156894,156895,156897,156898,0,0,0,0
1788787880.8835776,19,-25,-25,22,9421,32644,5278,5631,156924,156925,156927,156928,0,0,0,0
1788787880.9271777,22,-40,-21,33,9960,31611,4748,6716,156954,156955,156957,156958,0,0,0,0
1788787881.042382,15,-38,-17,42,10516,30706,4233,7682,156984,156985,156987,156988,0,0,0,0
1788787881.0443847,14,-43,-19,38,11036,29717,3603,8586,157014,157015,157017,157018,0,0,0,0
1788787881.1511884,7,-25,-13,33,11830,27812,2684,10441,157074,157075,157077,157078,0,0,0,0
1788787881.23251,18,-35,-23,33,12971,26015,1808,12425,157134,157135,157137,157138,0,0,0,0
1788787881.2889519,17,-41,-17,33,13459,25032,1243,13284,157164,157165,157167,157168,0,0,0,0
1788787881.347487,18,-37,-12,35,13895,24112,788,14149,157194,157195,157197,157198,0,0,0,0
1788787881.4100716,23,-29,-25,32,14440,23218,270,15127,157224,157225,157227,157228,0,0,0,0
1788787881.472492,20,-36,-24,32,14992,22219,32478,16119,157254,157255,157257,157258,0,0,0,0
1788787881.5035272,22,-30,-20,39,15438,21311,31923,17037,157284,157285,157287,157288,0,0,0,0
1788787881.5666535,15,-38,-10,42,15984,20271,31483,18117,157314,157315,157317,157318,0,0,0,0
1788787881.5824764,15,-36,-16,33,16445,19340,31071,19091,157344,157345,157347,157348,0,0,0,0
1788787881.6499662,18,-34,-21,33,16983,18356,30557,20007,157374,157375,157377,157378,0,0,0,0
1788787881.6877465,16,-31,-23,28,17477,17323,30009,21009,157404,157405,157407,157408,0,0,0,0
1788787881.7516103,20,-34,-23,40,18020,16389,29485,22023,157434,157435,157437,157438,0,0,0,0
1788787881.7853532,11,-43,-25,33,18504,15256,28963,23069,157464,157465,157467,157468,0,0,0,0
1788787881.9154825,22,-41,-25,36,19044,14323,28459,24038,157494,157495,157497,157498,0,0,0,0
1788787881.9315362,15,-37,-14,33,19934,12258,27373,25946,157554,157555,157557,157558,0,0,0,0
1788787881.963438,18,-32,-18,39,20496,11285,26926,26984,157584,157585,157587,157588,0,0,0,0
1788787882.0079052,14,-32,-17,27,20930,10318,26515,28069,157614,157615,157617,157618,0,0,0,0
1788787882.1076374,23,-30,-17,33,21462,9355,26020,29059,157644,157645,157647,157648,0,0,0,0
1788787882.1116498,16,-40,-14,34,22081,8400,25530,30076,157674,157675,157677,157678,0,0,0,0
1788787882.170917,18,-42,-28,35,22591,7357,24967,30997,157704,157705,157707,157708,0,0,0,0
1788787882.2115724,16,-37,-19,40,23140,6374,24432,31937,157734,157735,157737,157738,0,0,0,0
1788787882.2778392,16,-40,-26,38,23591,5371,23883,215,157764,157765,157767,157768,0,0,0,0
1788787882.3308861,27,-38,-17,36,24157,4312,23361,1207,157794,157795,157797,157798,0,0,0,0
1788787882.3820066,22,-29,-25,38,24673,3294,22839,2226,157824,157825,157827,157828,0,0,0,0
1788787882.4049196,17,-41,-13,30,25233,2313,22275,3263,157854,157855,157857,157858,0,0,0,0
1788787882.4935172,20,-41,-20,37,25724,1213,21780,4294,157884,157885,157887,157888,0,0,0,0
1788787882.5092356,19,-34,-21,34,26299,250,21264,5290,157914,157915,157917,157918,0,0,0,0
1788787882.5836349,19,-51,-19,45,26813,32037,20811,6355,157944,157945,157947,157948,0,0,0,0
1788787882.5987816,20,-29,-19,34,27360,31043,20271,7292,157974,157975,157977,157978,0,0,0,0
1788787882.6845722,13,-35,-13,30,27887,30124,19770,8223,158004,158005,158007,158008,0,0,0,0
1788787882.7313223,19,-36,-16,32,28327,29016,19258,9191,158034,158035,158037,158038,0,0,0,0
1788787882.7851934,18,-31,-18,39,28901,28042,18687,10177,158064,158065,158067,158068,0,0,0,0
1788787882.8647845,25,-37,-19,35,30058,26110,17597,12279,158124,158125,158127,158128,0,0,0,0
1788787882.9676664,18,-39,-22,39,30577,25073,17068,13217,158154,158155,158157,158158,0,0,0,0
1788787882.983799,20,-34,-17,40,31153,24068,16514,14196,158184,158185,158187,158188,0,0,0,0
1788787883.0326734,23,-37,-23,34,31689,23068,15922,15186,158214,158215,158217,158218,0,0,0,0
1788787883.0906065,20,-30,-21,29,32311,22038,15353,16235,158244,158245,158247,158248,0,0,0,0
1788787883.1388009,16,-40,-20,32,33,21057,14886,17151,158274,158275,158277,158278,0,0,0,0
1788787883.2026613,17,-42,-29,37,589,20015,14309,18209,158304,158305,158307,158308,0,0,0,0
1788787883.2775583,22,-42,-23,40,1110,19076,13794,19217,158334,158335,158337,158338,0,0,0,0
1788787883.3475745,26,-43,-14,46,2250,16959,12701,21436,158394,158395,158397,158398,0,0,0,0
1788787883.379459,23,-52,-25,46,2852,15796,12187,22549,158424,158425,158427,158428,0,0,0,0
1788787883.4427125,16,-35,-19,44,3355,14681,11593,23605,158454,158455,158457,158458,0,0,0,0
1788787883.548207,25,-37,-26,35,3890,13642,11030,24670,158484,158485,158487,158488,0,0,0,0
1788787883.5517814,18,-34,-15,33,4457,12557,10496,25715,158514,158515,158517,158518,0,0,0,0
1788787883.5876896,18,-37,-20,34,5011,11588,10000,26688,158544,158545,158547,158548,0,0,0,0
1788787883.6507893,12,-30,-17,31,5486,10527,9433,27773,158574,158575,158577,158578,0,0,0,0
1788787883.6982505,13,-36,-20,32,5871,9514,8881,28726,158604,158605,158607,158608,0,0,0,0
1788787883.7596838,27,-45,-17,44,6453,8536,8342,29773,158634,158635,158637,158638,0,0,0,0
1788787883.8075533,17,-41,-19,43,7050,7530,7869,30912,158664,158665,158667,158668,0,0,0,0
1788787883.8869343,18,-43,-15,47,8125,5349,6829,278,158724,158725,158727,158728,0,0,0,0
1788787883.9028535,24,-41,-22,37,8665,4270,6300,1327,158754,158755,158757,158758,0,0,0,0
1788787883.9503834,19,-43,-20,31,9133,3171,5764,2384,158784,158785,158787,158788,0,0,0,0
1788787884.03121,19,-31,-16,31,9585,2170,5334,3518,158814,158815,158817,158818,0,0,0,0
1788787884.0793576,11,-41,-21,33,10132,1063,4810,4603,158844,158845,158847,158848,0,0,0,0
1788787884.1531382,17,-36,-20,35,10676,71,4321,5627,158874,158875,158877,158878,0,0,0,0
1788787884.199044,17,-50,-22,31,11238,31761,3740,6700,158904,158905,158907,158908,0,0,0,0
1788787884.199044,10,-39,-17,41,11685,30783,3182,7631,158934,158935,158937,158938,0,0,0,0
1788787884.2592282,18,-39,-23,42,12254,29823,2646,8636,158964,158965,158967,158968,0,0,0,0
1788787884.3223407,17,-39,-17,39,12801,28650,2159,9677,158994,158995,158997,158998,0,0,0,0
1788787884.37,15,-36,-21,36,13367,27628,1594,10725,159024,159025,159027,159028,0,0,0,0
1788787884.4174578,21,-35,-12,41,13901,26575,1093,11939,159054,159055,159057,159058,0,0,0,0
1788787884.5043383,16,-36,-22,38,14948,24440,32740,13925,159114,159115,159117,159118,0,0,0,0
1788787884.6289399,20,-33,-18,36,15408,23316,32193,15027,159144,159145,159147,159148,0,0,0,0
1788787884.6289399,19,-41,-16,33,15954,22253,31671,16175,159174,159175,159177,159178,0,0,0,0
1788787884.709522,-80,-108,-108,-63,11277,16626,26239,12198,159234,159235,159237,159238,0,0,0,0
1788787884.8124185,-53,-88,-101,-72,9517,14150,23913,10413,159264,159265,159267,159268,0,0,0,0
1788787884.859386,-70,-74,-102,-87,7570,11665,21398,7997,159294,159295,159297,159298,0,0,0,0
1788787884.859386,-101,-85,-90,-108,5143,9432,18969,5178,159324,159325,159327,159328,0,0,0,0
1788787884.986211,-95,-99,-90,-117,2378,7302,16656,2307,159354,159355,159357,159358,0,0,0,0
1788787885.002065,-107,-99,-88,-124,32330,5126,14396,32239,159384,159385,159387,159388,0,0,0,0
1788787885.0471263,-102,-101,-84,-102,29330,2699,12117,29338,159414,159415,159417,159418,0,0,0,0
1788787885.0866551,-92,-88,-112,-94,26579,0,9704,26810,159444,159445,159447,159448,0,0,0,0
1788787885.1656888,-107,-109,-114,-81,23928,30039,7023,24353,159474,159475,159477,159478,0,0,0,0
1788787885.1976326,-99,-103,-120,-81,21384,27144,4177,21934,159504,159505,159507,159508,0,0,0,0
1788787885.238231,-91,-92,-95,-90,18942,24413,1101,19477,159534,159535,159537,159538,0,0,0,0
1788787885.2637343,-93,-88,-90,-95,16472,21777,31075,16824,159564,159565,159567,159568,0,0,0,0
1788787885.3626034,-45,-48,-21,-1,14143,19344,28784,14518,159594,159595,159597,159598,0,0,0,0
1788787885.3784394,31,-2,-10,28,14469,19587,29322,15901,159624,159625,159627,159628,0,0,0,0
1788787885.4326847,1,-34,-31,-14,14680,18860,28749,15757,159654,159655,159657,159658,0,0,0,0
1788787885.5338542,3,-42,-51,2,14689,17879,27718,15550,159684,159685,159687,159688,0,0,0,0
1788787885.5497677,13,-41,-33,18,14932,16920,26553,15777,159714,159715,159717,159718,0,0,0,0
1788787885.5915885,23,-43,-27,25,15305,15882,25634,16249,159744,159745,159747,159748,0,0,0,0
1788787885.6524534,18,-30,-33,16,15747,14880,24838,16885,159774,159775,159777,159778,0,0,0,0
1788787885.7269788,13,-32,-19,19,16192,14006,24121,17437,159804,159805,159807,159808,0,0,0,0
1788787885.7319818,19,-24,-19,25,16726,13242,23471,18142,159834,159835,159837,159838,0,0,0,0
1788787885.8314185,18,-30,-22,19,17235,12456,22886,18657,159864,159865,159867,159868,0,0,0,0
1788787885.8472807,18,-26,-20,24,17653,11716,22273,19199,159894,159895,159897,159898,0,0,0,0
1788787885.927455,17,-31,-20,27,18099,10976,21810,19871,159924,159925,159927,159928,0,0,0,0
1788787885.9748716,12,-22,-23,21,18544,10268,21300,20684,159954,159955,159957,159958,0,0,0,0
1788787885.9905565,14,-31,-15,28,19029,9474,20791,21351,159984,159985,159987,159988,0,0,0,0
1788787886.0460565,19,-35,-25,14,19611,8731,20151,22020,160014,160015,160017,160018,0,0,0,0
1788787886.1118264,19,-30,-19,31,20103,7940,19552,22714,160044,160045,160047,160048,0,0,0,0
1788787886.2249162,18,-27,-21,28,20732,7162,19015,23438,160074,160075,160077,160078,0,0,0,0
1788787886.2319832,14,-38,-20,31,21176,6444,18500,24189,160104,160105,160107,160108,0,0,0,0
1788787886.267565,14,-26,-24,27,21718,5649,17946,24898,160134,160135,160137,160138,0,0,0,0
1788787886.2832167,18,-29,-16,21,22277,4882,17440,25669,160164,160165,160167,160168,0,0,0,0
1788787886.3461924,13,-24,-15,28,23216,3424,16466,27065,160224,160225,160227,160228,0,0,0,0
1788787886.4579587,23,-29,-25,26,23642,2674,16017,27922,160254,160255,160257,160258,0,0,0,0
1788787886.4579587,-31,-90,-76,-31,24008,1611,15180,28245,160284,160285,160287,160288,0,0,0,0
1788787886.4995651,-140,-142,-138,-133,20714,30584,11731,25232,160314,160315,160317,160318,0,0,0,0
1788787886.5468414,-58,-75,-75,-65,18313,28006,9204,22890,160344,160345,160347,160348,0,0,0,0
1788787886.683418,-65,-77,-87,-89,16401,25726,6766,20707,160374,160375,160377,160378,0,0,0,0
1788787886.683418,-98,-79,-108,-119,14134,23364,4184,18027,160404,160405,160407,160408,0,0,0,0
1788787886.7452888,-88,-86,-91,-102,11533,21190,1896,15288,160434,160435,160437,160438,0,0,0,0
1788787886.7715557,-126,-88,-85,-87,8674,18893,32500,12550,160464,160465,160467,160468,0,0,0,0
1788787886.8584642,-109,-95,-90,-103,2994,13796,27901,7154,160524,160525,160527,160528,0,0,0,0
1788787886.969756,-96,-106,-106,-90,248,11042,25169,4621,160554,160555,160557,160558,0,0,0,0
1788787886.9993079,-88,-91,-108,-110,28101,5619,19470,32370,160614,160615,160617,160618,0,0,0,0
1788787887.1123753,29,-13,-30,-11,27851,3665,17018,32287,160674,160675,160677,160678,0,0,0,0
1788787887.2017732,1,-24,-39,13,27935,3030,15963,31988,160704,160705,160707,160708,0,0,0,0
1788787887.2097988,10,-28,-39,1,28168,2294,14841,31879,160734,160735,160737,160738,0,0,0,0
1788787887.3292954,20,-37,-33,18,28628,1449,13665,32096,160764,160765,160767,160768,0,0,0,0
1788787887.332294,19,-30,-28,20,29234,603,12724,32619,160794,160795,160797,160798,0,0,0,0
1788787887.3725746,21,-25,-33,22,29894,32563,11865,542,160824,160825,160827,160828,0,0,0,0
1788787887.4518178,18,-34,-31,19,30421,31592,11052,1129,160854,160855,160857,160858,0,0,0,0
1788787887.4719672,21,-29,-19,22,30911,30882,10375,1731,160884,160885,160887,160888,0,0,0,0
1788787887.5694427,10,-17,-23,18,31425,30261,9776,2279,160914,160915,160917,160918,0,0,0,0
1788787887.5694427,19,-24,-19,19,31921,29545,9125,2798,160944,160945,160947,160948,0,0,0,0
1788787887.6804469,16,-22,12,13,32441,28844,8492,3347,160974,160975,160977,160978,0,0,0,0
1788787887.6942506,14,-24,-17,19,87,28189,7936,3870,161004,161005,161007,161008,0,0,0,0
1788787887.7290921,23,-23,-25,28,642,27619,7381,4502,161034,161035,161037,161038,0,0,0,0
1788787887.805353,23,-25,-19,25,1248,26901,6762,5138,161064,161065,161067,161068,0,0,0,0
1788787887.8261685,24,-30,-19,26,1950,26268,6089,5824,161094,161095,161097,161098,0,0,0,0
1788787887.9304967,17,-30,-24,25,3222,24815,4731,7325,161154,161155,161157,161158,0,0,0,0
1788787888.027175,15,-22,-14,30,4363,23362,3591,8733,161214,161215,161217,161218,0,0,0,0
1788787888.152103,21,-16,-18,28,5397,22080,2605,10053,161274,161275,161277,161278,0,0,0,0
1788787888.1948469,19,-25,-21,17,5861,21504,2081,10638,161304,161305,161307,161308,0,0,0,0
1788787888.2779849,7,-23,-20,26,6438,20794,1476,11378,161334,161335,161337,161338,0,0,0,0
1788787888.2779849,25,-23,-18,33,7018,20056,920,12012,161364,161365,161367,161368,0,0,0,0
1788787888.3258939,28,-20,-27,22,7652,19415,337,12715,161394,161395,161397,161398,0,0,0,0
1788787888.4295175,23,-32,-30,27,8282,18671,32425,13469,161424,161425,161427,161428,0,0,0,0
1788787888.4295175,25,-33,-23,23,8948,17882,31705,14116,161454,161455,161457,161458,0,0,0,0
1788787888.5497255,18,-26,-21,23,10055,16659,30723,15472,161514,161515,161517,161518,0,0,0,0
1788787888.593958,18,-26,-18,19,10522,15991,30157,16144,161544,161545,161547,161548,0,0,0,0
1788787888.687279,21,-29,-12,28,11585,14531,29045,17498,161604,161605,161607,161608,0,0,0,0
1788787888.823958,18,-25,-18,26,12127,13817,28655,18405,161634,161635,161637,161638,0,0,0,0
1788787888.8271346,19,-37,-21,31,12649,12984,28190,19146,161664,161665,161667,161668,0,0,0,0
1788787888.8508892,16,-29,-26,25,13124,12240,27621,19842,161694,161695,161697,161698,0,0,0,0
1788787888.9586163,20,-33,-19,24,14338,10816,26407,21298,161754,161755,161757,161758,0,0,0,0
1788787888.9901886,38,-26,-20,25,14880,10129,25879,22034,161784,161785,161787,161788,0,0,0,0
1788787889.1190066,22,-29,-22,27,15855,8621,24804,23531,161844,161845,161847,161848,0,0,0,0
1788787889.1539342,10,-20,-21,26,16374,7878,24285,24314,161874,161875,161877,161878,0,0,0,0
1788787889.263086,14,-33,-16,18,17476,6375,23251,25724,161934,161935,161937,161938,0,0,0,0
1788787889.2785277,21,-26,-20,29,17993,5675,22764,26489,161964,161965,161967,161968,0,0,0,0
1788787889.4215431,21,-31,-25,23,18927,4128,21720,28032,162024,162025,162027,162028,0,0,0,0
1788787889.4526637,19,-22,-16,22,19512,3459,21191,28725,162054,162055,162057,162058,0,0,0,0
1788787889.5745168,12,-25,-18,27,20578,2107,20251,30174,162114,162115,162117,162118,0,0,0,0
1788787889.6131792,25,-26,-20,32,21528,610,19176,31572,162174,162175,162177,162178,0,0,0,0
1788787889.708653,22,-28,-18,29,22208,32652,18610,32428,162204,162205,162207,162208,0,0,0,0
1788787889.708653,10,-34,-23,22,22739,31743,18020,427,162234,162235,162237,162238,0,0,0,0
1788787889.7530558,18,-21,-15,23,23227,31077,17542,1130,162264,162265,162267,162268,0,0,0,0
1788787889.8358803,13,-13,-15,22,23683,30519,17194,1808,162294,162295,162297,162298,0,0,0,0
1788787889.8521845,9,-11,-10,10,23976,30207,16910,2121,162324,162325,162327,162328,0,0,0,0
1788787889.9675996,4,-2,-4,1,24271,29928,16620,2373,162384,162385,162387,162388,0,0,0,0
1788787890.0131469,4,-3,-3,-6,24317,29874,16572,2415,162414,162415,162417,162418,0,0,0,0
1788787890.1319897,-4,0,-2,-5,24306,29892,16593,2386,162474,162475,162477,162478,0,0,0,0
1788787890.2529936,-2,5,3,-4,24279,29938,16654,2372,162504,162505,162507,162508,0,0,0,0
1788787890.2529936,-20,-32,-25,-24,23922,29840,16497,2003,162564,162565,162567,162568,0,0,0,0
